split,global_step,hits_sum,hits_max,hits_p95,visible_gaussians,visible_gaussians_frac,forward_render_ms
training,20000,0.000000,0.000000,0.000000,0.000000,0.000000,68.564323
training,20001,18107912.000000,153.000000,71.000000,281022.000000,0.190853,29.301600
training,20002,17593360.000000,200.000000,78.000000,368430.000000,0.250216,37.170914
training,20003,18418840.000000,186.000000,82.000000,386129.000000,0.262236,42.677567
training,20004,19091454.000000,154.000000,81.000000,317538.000000,0.215653,34.901695
training,20005,18508344.000000,222.000000,76.000000,380696.000000,0.258546,50.682690
training,20006,20151088.000000,163.000000,81.000000,238580.000000,0.162029,27.638912
training,20007,17912716.000000,218.000000,75.000000,399815.000000,0.271531,49.173313
training,20008,21918380.000000,205.000000,89.000000,325393.000000,0.220988,43.232258
training,20009,20493188.000000,186.000000,81.000000,251577.000000,0.170856,35.773952
training,20010,19090202.000000,232.000000,82.000000,384277.000000,0.260978,47.955391
training,20011,21788186.000000,163.000000,87.000000,249142.000000,0.169202,31.175680
training,20012,18879512.000000,173.000000,81.000000,336173.000000,0.228309,26.304417
training,20013,19098220.000000,145.000000,82.000000,342358.000000,0.232509,25.957537
training,20014,19476180.000000,163.000000,80.000000,317129.000000,0.215375,28.508961
training,20015,17646660.000000,170.000000,78.000000,359896.000000,0.244420,29.889153
training,20016,19989932.000000,186.000000,85.000000,307408.000000,0.208773,36.571457
training,20017,23357712.000000,226.000000,88.000000,239025.000000,0.162332,45.267902
training,20018,19065658.000000,154.000000,84.000000,356171.000000,0.241890,32.210850
training,20019,19329650.000000,189.000000,79.000000,321828.000000,0.218566,33.473598
training,20020,21808492.000000,175.000000,85.000000,253122.000000,0.171905,39.717121
training,20021,23336104.000000,178.000000,88.000000,232627.000000,0.157986,33.483105
training,20022,21283510.000000,156.000000,86.000000,251636.000000,0.170896,40.124897
training,20023,20274480.000000,179.000000,81.000000,258191.000000,0.175348,31.849855
training,20024,21057350.000000,157.000000,85.000000,253601.000000,0.172231,33.788673
training,20025,19902888.000000,174.000000,84.000000,324790.000000,0.220578,41.249950
training,20026,19270704.000000,172.000000,82.000000,310545.000000,0.210904,34.770271
training,20027,21507276.000000,193.000000,85.000000,256133.000000,0.173950,37.215935
training,20028,17996986.000000,149.000000,80.000000,329359.000000,0.223681,38.642815
training,20029,18248300.000000,176.000000,76.000000,314160.000000,0.213359,36.473728
training,20030,18791540.000000,173.000000,75.000000,300839.000000,0.204312,28.228544
training,20031,18309814.000000,189.000000,76.000000,373399.000000,0.253590,47.770882
training,20032,20108972.000000,156.000000,81.000000,282024.000000,0.191534,31.540960
training,20033,23322506.000000,165.000000,92.000000,235103.000000,0.159668,32.896225
training,20034,18220714.000000,167.000000,80.000000,353489.000000,0.240069,29.644352
training,20035,18092358.000000,161.000000,80.000000,319909.000000,0.217263,30.329056
training,20036,17734308.000000,164.000000,80.000000,385928.000000,0.262099,35.797153
training,20037,18884792.000000,162.000000,75.000000,289396.000000,0.196541,25.414881
training,20038,19994824.000000,229.000000,81.000000,306474.000000,0.208139,47.919682
training,20039,23477710.000000,176.000000,87.000000,236768.000000,0.160799,42.521793
training,20040,16661094.000000,194.000000,76.000000,359777.000000,0.244339,34.007648
training,20041,21066556.000000,239.000000,83.000000,279568.000000,0.189866,49.990498
training,20042,19162068.000000,199.000000,78.000000,331732.000000,0.225293,41.619743
training,20043,20453724.000000,172.000000,84.000000,260327.000000,0.176799,35.514111
training,20044,24067994.000000,161.000000,94.000000,228065.000000,0.154888,37.375874
training,20045,23242254.000000,237.000000,87.000000,235091.000000,0.159660,50.540993
training,20046,19864268.000000,231.000000,85.000000,299418.000000,0.203347,49.776672
training,20047,23424280.000000,190.000000,89.000000,234291.000000,0.159117,40.297440
training,20048,20778868.000000,175.000000,85.000000,255092.000000,0.173243,39.651936
training,20049,19079580.000000,226.000000,76.000000,361492.000000,0.245504,47.236160
training,20050,19621310.000000,176.000000,78.000000,274431.000000,0.186377,31.284416
training,20051,19424624.000000,177.000000,82.000000,325201.000000,0.220857,25.749792
training,20052,18570392.000000,148.000000,81.000000,327101.000000,0.222148,25.637600
training,20053,19066570.000000,194.000000,85.000000,309455.000000,0.210163,48.451775
training,20054,18555348.000000,157.000000,81.000000,320681.000000,0.217788,35.288769
training,20055,20122584.000000,165.000000,85.000000,319799.000000,0.217189,43.504993
training,20056,20553808.000000,189.000000,83.000000,267910.000000,0.181949,38.819359
training,20057,20012656.000000,208.000000,82.000000,268904.000000,0.182624,37.998402
training,20058,18090726.000000,225.000000,75.000000,397687.000000,0.270085,42.111038
training,20059,20243710.000000,194.000000,84.000000,315529.000000,0.214289,26.777409
training,20060,18731166.000000,156.000000,77.000000,297471.000000,0.202025,37.448479
training,20061,17224644.000000,153.000000,79.000000,379098.000000,0.257461,35.225536
training,20062,17531074.000000,186.000000,74.000000,391223.000000,0.265695,41.319775
training,20063,21093468.000000,157.000000,87.000000,330586.000000,0.224514,31.348991
training,20064,20171160.000000,159.000000,81.000000,279174.000000,0.189598,29.103041
training,20065,18843388.000000,170.000000,78.000000,345985.000000,0.234972,39.485374
training,20066,21139388.000000,169.000000,90.000000,239938.000000,0.162952,36.752705
training,20067,20328526.000000,181.000000,85.000000,330208.000000,0.224258,34.989857
training,20068,23272756.000000,157.000000,92.000000,229433.000000,0.155817,38.101311
training,20069,19912480.000000,188.000000,87.000000,307012.000000,0.208504,39.619968
training,20070,20166404.000000,216.000000,83.000000,322501.000000,0.219024,38.898560
training,20071,23597372.000000,157.000000,92.000000,232596.000000,0.157965,37.545055
training,20072,18781872.000000,213.000000,81.000000,386379.000000,0.262406,39.693535
training,20073,20457388.000000,162.000000,83.000000,237477.000000,0.161280,32.798176
training,20074,19612356.000000,161.000000,77.000000,293217.000000,0.199136,35.574657
training,20075,19696852.000000,205.000000,85.000000,361903.000000,0.245783,40.119137
training,20076,19821680.000000,206.000000,86.000000,352968.000000,0.239715,38.333794
training,20077,17038306.000000,162.000000,78.000000,346978.000000,0.235647,23.594751
training,20078,18643524.000000,197.000000,80.000000,385042.000000,0.261498,32.489792
training,20079,18167516.000000,161.000000,77.000000,335028.000000,0.227531,42.800194
training,20080,21737076.000000,190.000000,87.000000,276702.000000,0.187920,45.257088
training,20081,18788692.000000,170.000000,77.000000,345843.000000,0.234876,40.925442
training,20082,23079172.000000,180.000000,88.000000,236274.000000,0.160463,34.426975
training,20083,20365814.000000,146.000000,87.000000,318755.000000,0.216479,38.641502
training,20084,20198332.000000,175.000000,80.000000,248191.000000,0.168557,27.711296
training,20085,18885054.000000,168.000000,78.000000,342773.000000,0.232791,36.184448
training,20086,22833068.000000,185.000000,90.000000,256859.000000,0.174443,43.596127
training,20087,19963664.000000,183.000000,82.000000,309152.000000,0.209958,37.664768
training,20088,19513604.000000,200.000000,77.000000,268575.000000,0.182400,32.157345
training,20089,20761052.000000,211.000000,89.000000,323473.000000,0.219684,41.355648
training,20090,23098592.000000,176.000000,90.000000,236272.000000,0.160462,34.914398
training,20091,17088504.000000,193.000000,77.000000,366747.000000,0.249073,28.662785
training,20092,17005036.000000,149.000000,78.000000,372288.000000,0.252836,33.232800
training,20093,18243920.000000,167.000000,72.000000,283214.000000,0.192342,30.089344
training,20094,20016104.000000,202.000000,84.000000,267638.000000,0.181764,43.212158
training,20095,19949978.000000,185.000000,85.000000,363488.000000,0.246859,38.212288
training,20096,19532356.000000,151.000000,82.000000,322009.000000,0.218689,30.783712
training,20097,20386148.000000,235.000000,82.000000,265219.000000,0.180121,45.065346
training,20098,19706664.000000,192.000000,83.000000,331442.000000,0.225096,35.357952
training,20099,20145288.000000,158.000000,80.000000,263135.000000,0.178706,27.513599
training,20100,19454604.000000,169.000000,79.000000,310270.000000,0.210717,34.024418
training,20101,22613870.000000,205.000000,92.000000,319391.000000,0.216911,51.906273
training,20102,19082932.000000,234.000000,77.000000,383679.000000,0.260572,48.627998
training,20103,19606320.000000,240.000000,87.000000,305387.000000,0.207401,54.297985
training,20104,17484210.000000,172.000000,79.000000,344333.000000,0.233851,24.933952
training,20105,16764554.000000,186.000000,77.000000,364626.000000,0.247632,32.472927
training,20106,23728036.000000,213.000000,89.000000,241425.000000,0.163962,46.699650
training,20107,18489696.000000,177.000000,78.000000,332542.000000,0.225843,31.320929
training,20108,21515056.000000,163.000000,86.000000,248894.000000,0.169034,37.593761
training,20109,19659172.000000,185.000000,81.000000,347823.000000,0.236221,39.255039
training,20110,17702976.000000,156.000000,79.000000,316431.000000,0.214901,29.693504
training,20111,19109650.000000,162.000000,76.000000,300621.000000,0.204164,33.262592
training,20112,17464020.000000,165.000000,75.000000,321697.000000,0.218478,35.253922
training,20113,22135256.000000,163.000000,91.000000,244135.000000,0.165802,33.567551
training,20114,18460208.000000,166.000000,72.000000,288594.000000,0.195996,30.482719
training,20115,20516868.000000,149.000000,84.000000,333260.000000,0.226330,29.245249
training,20116,19312792.000000,165.000000,81.000000,341632.000000,0.232016,28.926559
training,20117,18228874.000000,143.000000,72.000000,287605.000000,0.195324,31.290815
training,20118,18697052.000000,196.000000,80.000000,394815.000000,0.268135,35.664673
training,20119,20360410.000000,160.000000,87.000000,313826.000000,0.213132,39.285183
training,20120,18492668.000000,176.000000,80.000000,343686.000000,0.233411,31.942528
training,20121,19739522.000000,149.000000,82.000000,341624.000000,0.232011,37.239265
training,20122,20035182.000000,162.000000,79.000000,280852.000000,0.190738,27.713568
training,20123,17776208.000000,161.000000,79.000000,360392.000000,0.244757,35.577728
training,20124,18173568.000000,159.000000,76.000000,313698.000000,0.213045,38.326912
training,20125,18993236.000000,174.000000,81.000000,321254.000000,0.218177,36.344769
training,20126,20433700.000000,199.000000,83.000000,275721.000000,0.187253,45.123520
training,20127,22698472.000000,164.000000,91.000000,231573.000000,0.157271,36.464031
training,20128,18333814.000000,152.000000,81.000000,319846.000000,0.217220,37.428001
training,20129,22718984.000000,222.000000,88.000000,258483.000000,0.175546,46.592354
training,20130,19692094.000000,169.000000,83.000000,317983.000000,0.215955,31.205248
training,20131,19392696.000000,188.000000,85.000000,383248.000000,0.260279,35.541759
training,20132,20852288.000000,174.000000,89.000000,236896.000000,0.160886,42.285088
training,20133,22595648.000000,151.000000,89.000000,244654.000000,0.166154,37.516991
training,20134,19391712.000000,155.000000,76.000000,290740.000000,0.197453,25.922913
training,20135,19334764.000000,173.000000,75.000000,271033.000000,0.184070,39.758911
training,20136,20362328.000000,195.000000,87.000000,324484.000000,0.220370,43.545055
training,20137,18641252.000000,239.000000,76.000000,380063.000000,0.258116,42.675873
training,20138,22349360.000000,160.000000,89.000000,245881.000000,0.166988,39.893921
training,20139,18511664.000000,155.000000,82.000000,356134.000000,0.241865,34.030334
training,20140,20177182.000000,192.000000,79.000000,258202.000000,0.175355,35.256256
training,20141,17779224.000000,164.000000,75.000000,387061.000000,0.262869,36.807007
training,20142,18479810.000000,155.000000,79.000000,338225.000000,0.229702,28.430401
training,20143,21026180.000000,156.000000,86.000000,331862.000000,0.225381,33.423649
training,20144,18976616.000000,223.000000,77.000000,377882.000000,0.256635,37.769054
training,20145,20215940.000000,155.000000,85.000000,306260.000000,0.207994,37.246273
training,20146,22742322.000000,178.000000,90.000000,273841.000000,0.185977,42.696255
training,20147,18227904.000000,191.000000,79.000000,389728.000000,0.264680,34.759583
training,20148,18205484.000000,142.000000,82.000000,356836.000000,0.242342,33.489887
training,20149,18329830.000000,159.000000,80.000000,325024.000000,0.220737,26.641537
training,20150,21724532.000000,163.000000,90.000000,326088.000000,0.221460,42.838688
training,20151,18894408.000000,186.000000,78.000000,309221.000000,0.210005,40.033314
training,20152,19871728.000000,186.000000,84.000000,312447.000000,0.212195,33.660576
training,20153,19809570.000000,152.000000,81.000000,315231.000000,0.214086,40.185184
training,20154,23460776.000000,236.000000,89.000000,240634.000000,0.163424,45.415073
training,20155,20808924.000000,171.000000,82.000000,241778.000000,0.164201,27.661377
training,20156,20079844.000000,179.000000,78.000000,263207.000000,0.178755,34.016129
training,20157,19158102.000000,162.000000,76.000000,294892.000000,0.200273,31.345440
training,20158,21495260.000000,160.000000,87.000000,251006.000000,0.170468,33.916607
training,20159,21391276.000000,226.000000,84.000000,277210.000000,0.188265,45.535904
training,20160,22937124.000000,183.000000,90.000000,272929.000000,0.185357,40.469826
training,20161,18072912.000000,150.000000,75.000000,314662.000000,0.213700,28.845312
training,20162,17873636.000000,174.000000,77.000000,325943.000000,0.221361,42.512863
training,20163,18686696.000000,188.000000,82.000000,379850.000000,0.257972,33.137089
training,20164,19710290.000000,191.000000,76.000000,265869.000000,0.180562,42.416286
training,20165,17644264.000000,169.000000,75.000000,325375.000000,0.220975,39.399456
training,20166,19832884.000000,177.000000,86.000000,379641.000000,0.257830,34.172222
training,20167,20696740.000000,173.000000,90.000000,321007.000000,0.218009,33.451298
training,20168,18012984.000000,154.000000,79.000000,327142.000000,0.222175,27.156736
training,20169,19205080.000000,200.000000,75.000000,273461.000000,0.185718,40.716896
training,20170,20000428.000000,180.000000,85.000000,304165.000000,0.206571,45.682655
training,20171,22718388.000000,210.000000,90.000000,291702.000000,0.198107,49.310783
training,20172,17287412.000000,160.000000,79.000000,388279.000000,0.263696,35.693985
training,20173,18329486.000000,173.000000,78.000000,337809.000000,0.229420,44.611809
training,20174,22957892.000000,184.000000,90.000000,269347.000000,0.182925,44.560062
training,20175,21442140.000000,203.000000,88.000000,326453.000000,0.221708,41.000706
training,20176,23156664.000000,147.000000,89.000000,239672.000000,0.162771,35.183647
training,20177,17913308.000000,200.000000,78.000000,374169.000000,0.254113,36.025826
training,20178,18063184.000000,161.000000,80.000000,389660.000000,0.264634,33.216030
training,20179,18804732.000000,177.000000,78.000000,339014.000000,0.230238,40.552448
training,20180,18747932.000000,179.000000,80.000000,325935.000000,0.221356,36.106880
training,20181,20347496.000000,167.000000,86.000000,349527.000000,0.237378,42.705566
training,20182,19458724.000000,181.000000,80.000000,334583.000000,0.227229,38.706944
training,20183,22860904.000000,182.000000,88.000000,228829.000000,0.155407,40.109570
training,20184,19304580.000000,184.000000,79.000000,354788.000000,0.240951,41.640224
training,20185,22813432.000000,215.000000,91.000000,297685.000000,0.202170,47.977154
training,20186,18728048.000000,226.000000,76.000000,374924.000000,0.254626,36.465183
training,20187,18826016.000000,163.000000,73.000000,287612.000000,0.195329,31.443008
training,20188,17767536.000000,182.000000,77.000000,356188.000000,0.241902,33.437408
training,20189,18259180.000000,180.000000,79.000000,351588.000000,0.238778,39.024704
training,20190,23298552.000000,153.000000,90.000000,242971.000000,0.165011,41.584320
training,20191,20579940.000000,152.000000,85.000000,331355.000000,0.225037,30.346497
training,20192,21282592.000000,201.000000,86.000000,273339.000000,0.185636,56.806946
training,20193,22362472.000000,194.000000,91.000000,325440.000000,0.221020,47.445599
training,20194,22836532.000000,177.000000,90.000000,263231.000000,0.178771,39.279938
training,20195,20848190.000000,155.000000,88.000000,344900.000000,0.234236,39.106014
training,20196,20460168.000000,189.000000,88.000000,241823.000000,0.164232,38.655647
training,20197,18759754.000000,224.000000,77.000000,338016.000000,0.229560,44.936447
training,20198,19718952.000000,204.000000,80.000000,298327.000000,0.202606,36.159103
training,20199,21606896.000000,155.000000,90.000000,332373.000000,0.225728,39.760128
training,20200,23041296.000000,171.000000,89.000000,237176.000000,0.161076,41.755840
training,20201,18560424.000000,151.000000,80.000000,335614.000000,0.227929,25.184353
training,20202,19960936.000000,163.000000,79.000000,267132.000000,0.181420,27.972416
training,20203,19721764.000000,182.000000,83.000000,305031.000000,0.207159,28.372448
training,20204,18177112.000000,165.000000,80.000000,358196.000000,0.243265,29.218529
training,20205,18967256.000000,164.000000,84.000000,311329.000000,0.211436,35.364834
training,20206,18918864.000000,171.000000,84.000000,338178.000000,0.229670,35.163265
training,20207,18143116.000000,186.000000,75.000000,382467.000000,0.259749,43.074623
training,20208,17345992.000000,179.000000,77.000000,362344.000000,0.246083,25.500095
training,20209,17979272.000000,163.000000,80.000000,353141.000000,0.239832,30.290049
training,20210,18792024.000000,162.000000,81.000000,319122.000000,0.216729,28.434784
training,20211,17872708.000000,158.000000,81.000000,340750.000000,0.231417,34.248577
training,20212,17796476.000000,143.000000,81.000000,338399.000000,0.229821,33.382656
training,20213,17931046.000000,158.000000,79.000000,342269.000000,0.232449,26.443104
training,20214,18177712.000000,223.000000,76.000000,393724.000000,0.267394,47.954754
training,20215,18620708.000000,157.000000,77.000000,359026.000000,0.243829,47.757057
training,20216,18112512.000000,160.000000,71.000000,282168.000000,0.191632,25.189247
training,20217,20665652.000000,202.000000,88.000000,252137.000000,0.171236,38.344097
training,20218,18194868.000000,153.000000,76.000000,315758.000000,0.214444,34.607647
training,20219,19175624.000000,194.000000,82.031250,312699.000000,0.212367,44.862015
training,20220,17220984.000000,147.000000,78.000000,353057.000000,0.239775,30.821440
training,20221,19770852.000000,172.000000,85.000000,357724.000000,0.242945,33.070560
training,20222,24105568.000000,171.000000,94.000000,225419.000000,0.153091,42.285633
training,20223,17188240.000000,155.000000,77.000000,340431.000000,0.231201,22.579296
training,20224,18660592.000000,188.000000,81.000000,346384.000000,0.235243,27.542976
training,20225,18021128.000000,171.000000,80.000000,387354.000000,0.263068,34.108864
training,20226,21430462.000000,181.000000,87.000000,272929.000000,0.185357,42.301186
training,20227,22637768.000000,205.000000,90.000000,282629.000000,0.191945,43.596001
training,20228,17793414.000000,165.000000,76.000000,327330.000000,0.222303,40.053310
training,20229,22692108.000000,172.000000,90.000000,265481.000000,0.180299,48.445633
training,20230,18645844.000000,151.000000,80.000000,330977.000000,0.224780,25.359039
training,20231,18072228.000000,155.000000,76.000000,313714.000000,0.213056,34.324543
training,20232,18229136.000000,149.000000,72.000000,279123.000000,0.189564,25.250624
training,20233,22109028.000000,159.000000,91.000000,325651.000000,0.221163,34.488670
training,20234,19621794.000000,155.000000,82.000000,340478.000000,0.231232,27.530272
training,20235,20776224.000000,219.000000,83.000000,282937.000000,0.192154,42.535233
training,20236,17598212.000000,156.000000,78.000000,336611.000000,0.228606,22.446720
training,20237,23444664.000000,221.000000,89.000000,245563.000000,0.166772,43.361855
training,20238,22618138.000000,213.000000,91.000000,305978.000000,0.207802,60.788609
training,20239,18342166.000000,182.000000,80.000000,338824.000000,0.230109,27.900000
training,20240,20102816.000000,147.000000,83.000000,340050.000000,0.230942,30.775520
training,20241,20833540.000000,152.000000,90.000000,323753.000000,0.219874,35.642303
training,20242,20412144.000000,150.000000,89.000000,332670.000000,0.225930,31.625792
training,20243,17230600.000000,163.000000,78.000000,325873.000000,0.221314,29.561152
training,20244,17996788.000000,158.000000,81.000000,338052.000000,0.229585,32.117695
training,20245,20757702.000000,218.000000,83.000000,282163.000000,0.191628,45.786591
training,20246,18122728.000000,165.000000,81.000000,336230.000000,0.228347,36.771584
training,20247,17395052.000000,174.000000,78.000000,353363.000000,0.239983,31.922049
training,20248,22946680.000000,230.000000,89.000000,252534.000000,0.171506,59.430466
training,20249,18296284.000000,158.000000,82.000000,313724.000000,0.213063,34.241344
training,20250,19524296.000000,163.000000,84.000000,341089.000000,0.231647,33.172066
training,20251,22596718.000000,163.000000,92.000000,237390.000000,0.161221,38.892864
training,20252,19839448.000000,162.000000,80.000000,291568.000000,0.198016,31.822817
training,20253,20991788.000000,164.000000,88.000000,332628.000000,0.225901,41.019520
training,20254,18497204.000000,141.000000,73.000000,286549.000000,0.194607,30.029760
training,20255,20733388.000000,162.000000,82.000000,241943.000000,0.164313,32.675713
training,20256,20034310.000000,153.000000,80.000000,277182.000000,0.188246,32.599392
training,20257,18351532.000000,149.000000,79.000000,324642.000000,0.220478,30.623137
training,20258,17655692.000000,160.000000,78.000000,359060.000000,0.243852,30.696545
training,20259,17177784.000000,154.000000,77.000000,340269.000000,0.231091,26.788671
training,20260,19421036.000000,168.000000,79.000000,310641.000000,0.210969,32.999329
training,20261,18210504.000000,147.000000,79.000000,318996.000000,0.216643,27.352448
training,20262,18048128.000000,159.000000,80.000000,353274.000000,0.239923,31.854912
training,20263,17875404.000000,219.000000,74.000000,399085.000000,0.271035,47.510433
training,20264,19119664.000000,236.000000,77.000000,382939.000000,0.260069,48.888927
training,20265,18436486.000000,149.000000,82.000000,354862.000000,0.241001,29.434336
training,20266,19927636.000000,185.000000,85.000000,363100.000000,0.246596,47.209122
training,20267,18944852.000000,227.000000,77.000000,377053.000000,0.256072,49.500031
training,20268,18946480.000000,169.000000,80.000000,320670.000000,0.217780,35.970818
training,20269,18282788.000000,171.000000,71.000000,283204.000000,0.192335,31.053984
training,20270,17463724.000000,165.000000,74.000000,322364.000000,0.218930,36.880127
training,20271,17975820.000000,151.000000,80.000000,389182.000000,0.264309,30.298496
training,20272,23457428.000000,179.000000,89.000000,236894.000000,0.160884,45.255585
training,20273,19999720.000000,161.000000,81.000000,291430.000000,0.197922,35.790592
training,20274,19532734.000000,169.000000,78.000000,274326.000000,0.186306,25.601761
training,20275,21184072.000000,162.000000,86.000000,251721.000000,0.170954,28.843008
training,20276,21139516.000000,170.000000,91.000000,239727.000000,0.162808,33.757793
training,20277,21843028.000000,163.000000,90.000000,324678.000000,0.220502,40.906078
training,20278,22600032.000000,156.000000,92.000000,237237.000000,0.161117,40.962975
training,20279,18045840.000000,161.000000,72.000000,282947.000000,0.192161,30.040512
training,20280,22808494.000000,182.000000,87.000000,228625.000000,0.155269,34.695072
training,20281,18378872.000000,204.000000,79.000000,385518.000000,0.261821,40.725056
training,20282,16838458.000000,198.000000,76.000000,367136.000000,0.249337,35.157726
training,20283,18590168.000000,213.000000,76.000000,374404.000000,0.254273,36.093727
training,20284,16920904.000000,140.000000,78.000000,378669.000000,0.257170,30.965984
training,20285,19390344.000000,197.000000,76.000000,269104.000000,0.182759,35.415199
training,20286,18289372.000000,152.000000,80.000000,320365.000000,0.217573,31.608255
training,20287,18303804.000000,214.000000,76.000000,380305.000000,0.258281,51.001438
training,20288,18026034.000000,190.000000,75.000000,382384.000000,0.259693,36.504639
training,20289,18972752.000000,191.000000,82.000000,311494.000000,0.211548,40.568993
training,20290,17306156.000000,181.000000,78.000000,353222.000000,0.239887,37.374081
training,20291,18731982.000000,165.000000,80.000000,336165.000000,0.228303,25.815008
training,20292,22578520.000000,161.000000,91.000000,231375.000000,0.157136,37.797729
training,20293,22754732.000000,177.000000,89.000000,272548.000000,0.185098,41.863071
training,20294,19676366.000000,192.000000,82.031250,331290.000000,0.224993,33.966976
training,20295,20011732.000000,193.000000,84.000000,307043.000000,0.208525,39.087330
training,20296,23371072.000000,158.000000,91.000000,236855.000000,0.160858,32.409279
training,20297,17565404.000000,187.000000,74.000000,391149.000000,0.265645,42.264446
training,20298,17873966.000000,147.000000,80.000000,328821.000000,0.223316,33.556641
training,20299,20363680.000000,179.000000,81.000000,251415.000000,0.170746,41.549793
training,20300,18528824.000000,155.000000,79.000000,337894.000000,0.229478,31.164673
training,20301,18186036.000000,171.000000,79.000000,353087.000000,0.239796,28.295456
training,20302,17953180.000000,153.000000,81.000000,337687.000000,0.229337,32.739040
training,20303,17991192.000000,159.000000,79.000000,342759.000000,0.232782,25.724768
training,20304,20024646.000000,152.000000,79.000000,262789.000000,0.178471,29.196575
training,20305,23249924.000000,183.000000,89.000000,232521.000000,0.157914,43.355934
training,20306,21421528.000000,163.000000,85.000000,248600.000000,0.168834,32.706017
training,20307,17794080.000000,167.000000,75.000000,386803.000000,0.262694,36.111198
training,20308,19233294.000000,154.000000,81.000000,340672.000000,0.231364,28.209248
training,20309,18112556.000000,155.000000,77.000000,335678.000000,0.227973,32.284447
training,20310,19464772.000000,147.000000,81.000000,321656.000000,0.218450,28.405855
training,20311,22733300.000000,210.000000,90.000000,290670.000000,0.197406,50.067360
training,20312,21337280.000000,195.000000,88.000000,325208.000000,0.220862,48.566753
training,20313,18819660.000000,158.000000,81.000000,318488.000000,0.216298,30.426817
training,20314,23269298.000000,156.000000,93.000000,234735.000000,0.159418,34.904510
training,20315,18515868.000000,208.000000,79.000000,394611.000000,0.267996,38.181728
training,20316,18402498.000000,180.000000,79.000000,343314.000000,0.233158,36.699390
training,20317,20050076.000000,171.000000,80.000000,257919.000000,0.175163,29.211937
training,20318,20054160.000000,188.000000,83.000000,315465.000000,0.214245,29.343040
training,20319,19558712.000000,149.000000,81.000000,341393.000000,0.231854,28.838337
training,20320,23497132.000000,161.000000,92.000000,231917.000000,0.157504,40.624577
training,20321,19924228.000000,197.000000,84.000000,267446.000000,0.181633,41.211807
training,20322,18827434.000000,162.000000,73.000000,288168.000000,0.195707,29.846176
training,20323,18165544.000000,160.000000,80.000000,358693.000000,0.243603,30.257313
training,20324,19032876.000000,170.000000,75.000000,294660.000000,0.200116,32.715874
training,20325,21453324.000000,182.000000,86.000000,276366.000000,0.187691,46.011967
training,20326,21503440.000000,172.000000,85.000000,252948.000000,0.171787,32.741920
training,20327,19701424.000000,215.000000,80.000000,298365.000000,0.202632,42.100098
training,20328,22550204.000000,221.000000,87.000000,257663.000000,0.174989,46.681568
training,20329,19690036.000000,171.000000,85.000000,379721.000000,0.257884,39.573055
training,20330,22483632.000000,169.000000,88.000000,265178.000000,0.180093,35.836609
training,20331,18172094.000000,178.000000,79.000000,351658.000000,0.238825,32.469826
training,20332,17895318.000000,182.000000,80.000000,387270.000000,0.263011,34.824257
training,20333,20285300.000000,174.000000,83.000000,260292.000000,0.176775,35.609730
training,20334,19861900.000000,177.000000,84.000000,312288.000000,0.212087,31.022783
training,20335,17196836.000000,156.000000,79.000000,387786.000000,0.263361,36.585503
training,20336,19420104.000000,159.000000,76.000000,290901.000000,0.197563,32.071201
training,20337,17633076.000000,180.000000,77.000000,356290.000000,0.241971,37.986496
training,20338,21397736.000000,148.000000,89.000000,331160.000000,0.224904,38.204288
training,20339,18760312.000000,169.000000,78.000000,343460.000000,0.233258,42.408066
training,20340,17532124.000000,163.000000,77.000000,360145.000000,0.244589,28.696129
training,20341,18200760.000000,143.000000,72.000000,287950.000000,0.195559,31.371840
training,20342,18311544.000000,152.000000,81.000000,313757.000000,0.213085,35.601982
training,20343,20712604.000000,152.000000,89.000000,322897.000000,0.219292,33.260929
training,20344,18301644.000000,195.000000,81.000000,385513.000000,0.261818,30.869024
training,20345,19141444.000000,171.000000,81.000000,310290.000000,0.210731,31.591616
training,20346,21204520.000000,225.000000,83.000000,277012.000000,0.188130,49.931137
training,20347,20314504.000000,148.000000,88.000000,331891.000000,0.225401,35.268833
training,20348,18735932.000000,175.000000,78.000000,346630.000000,0.235411,36.768478
training,20349,22186496.000000,191.000000,90.000000,324682.000000,0.220505,50.815006
training,20350,18772362.000000,165.000000,75.000000,300532.000000,0.204103,31.821983
training,20351,18632084.000000,172.000000,76.000000,345962.000000,0.234957,43.306080
training,20352,18996304.000000,149.000000,81.000000,341707.000000,0.232067,26.220097
training,20353,17905344.000000,221.000000,75.000000,397337.000000,0.269848,47.052929
training,20354,19841960.000000,185.000000,81.000000,309060.000000,0.209895,36.102177
training,20355,19327404.000000,179.000000,79.000000,355118.000000,0.241175,41.318977
training,20356,19845764.000000,172.000000,85.000000,324225.000000,0.220194,41.910175
training,20357,18799324.000000,166.000000,83.000000,336749.000000,0.228700,36.331711
training,20358,18640452.000000,223.000000,80.000000,386273.000000,0.262334,40.454655
training,20359,22382876.000000,164.000000,90.000000,245862.000000,0.166975,29.993824
training,20360,20389264.000000,145.000000,83.000000,332716.000000,0.225961,37.413311
training,20361,18979350.000000,236.000000,81.000000,383116.000000,0.260190,41.499329
training,20362,17624640.000000,163.000000,79.000000,384507.000000,0.261134,35.225536
training,20363,18915682.000000,184.000000,78.000000,338901.000000,0.230161,39.107166
training,20364,18050676.000000,161.000000,76.000000,313523.000000,0.212926,35.038208
training,20365,22061178.000000,159.000000,91.000000,244095.000000,0.165775,37.369473
training,20366,20873440.000000,167.000000,89.000000,236980.000000,0.160943,44.060478
training,20367,23336364.000000,146.000000,91.000000,239875.000000,0.162909,37.672642
training,20368,22739542.000000,149.000000,90.000000,244415.000000,0.165992,29.359327
training,20369,23215366.000000,241.000000,88.000000,235035.000000,0.159622,45.597729
training,20370,22962024.000000,188.000000,88.000000,236030.000000,0.160298,43.720543
training,20371,19260192.000000,174.000000,82.000000,324308.000000,0.220251,27.729055
training,20372,22644912.000000,174.000000,89.000000,256664.000000,0.174311,39.097023
training,20373,18186160.000000,194.000000,79.000000,390378.000000,0.265122,34.799458
training,20374,17341062.000000,154.000000,78.000000,343946.000000,0.233588,29.046400
training,20375,20598602.000000,204.000000,88.000000,322507.000000,0.219028,43.899010
training,20376,18034120.000000,145.000000,81.000000,355343.000000,0.241328,36.708065
training,20377,18440068.000000,156.000000,80.000000,326593.000000,0.221803,31.963808
training,20378,19957492.000000,161.000000,85.000000,319000.000000,0.216646,33.664577
training,20379,20433940.000000,166.000000,89.000000,319121.000000,0.216728,34.241154
training,20380,18265426.000000,187.000000,76.000000,373881.000000,0.253918,41.602753
training,20381,18307922.000000,148.000000,72.000000,279326.000000,0.189702,31.479967
training,20382,20203010.000000,214.000000,83.000000,322471.000000,0.219003,38.066689
training,20383,20568152.000000,164.000000,85.000000,331457.000000,0.225106,28.919584
training,20384,18850600.000000,181.000000,78.000000,308899.000000,0.209786,40.301056
training,20385,19629760.000000,172.000000,83.000000,316971.000000,0.215268,31.025888
training,20386,20187704.000000,194.000000,86.000000,323451.000000,0.219669,43.461407
training,20387,19921152.000000,161.000000,78.000000,279469.000000,0.189799,30.430304
training,20388,18095192.000000,168.000000,81.000000,335712.000000,0.227996,34.092800
training,20389,18529592.000000,145.000000,80.000000,330744.000000,0.224622,30.977119
training,20390,18269942.000000,177.000000,77.000000,332043.000000,0.225504,33.573826
training,20391,16579301.000000,193.000000,76.000000,359493.000000,0.244146,35.557182
training,20392,17454388.000000,192.000000,77.000000,367774.000000,0.249770,30.823168
training,20393,21595476.000000,167.000000,87.000000,248777.000000,0.168955,38.259872
training,20394,21248012.000000,157.000000,86.000000,250695.000000,0.170257,33.993183
training,20395,19960588.000000,149.000000,85.000000,305327.000000,0.207360,41.832096
training,20396,17705520.000000,166.000000,76.000000,326772.000000,0.221924,35.047871
training,20397,18015698.000000,154.000000,75.000000,315196.000000,0.214062,36.632866
training,20398,17773052.000000,173.000000,77.000000,326035.000000,0.221424,38.829121
training,20399,22887828.000000,177.000000,90.000000,269132.000000,0.182778,40.160446
training,20400,17555812.000000,161.000000,77.000000,337139.000000,0.228965,27.142944
training,20401,19698204.000000,178.000000,85.000000,357637.000000,0.242886,36.974911
training,20402,23669416.000000,209.000000,89.000000,240649.000000,0.163435,54.503616
training,20403,23159876.000000,166.000000,92.000000,228734.000000,0.155343,40.339199
training,20404,18410904.000000,159.000000,77.000000,359087.000000,0.243871,51.337952
training,20405,23899712.000000,169.000000,93.000000,227433.000000,0.154459,38.779938
training,20406,19616668.000000,187.000000,76.000000,267575.000000,0.181721,43.248001
training,20407,19858948.000000,232.000000,81.000000,306025.000000,0.207834,42.520962
training,20408,22261136.000000,211.000000,89.000000,305527.000000,0.207496,54.121151
training,20409,19972312.000000,156.000000,80.000000,238455.000000,0.161944,33.031616
training,20410,18519590.000000,176.000000,80.000000,347049.000000,0.235695,27.311647
training,20411,18254606.000000,185.000000,77.000000,338346.000000,0.229785,44.060162
training,20412,20270764.000000,183.000000,82.000000,275111.000000,0.186839,45.253952
training,20413,23173508.000000,246.000000,87.000000,240457.000000,0.163304,50.792831
training,20414,18456862.000000,144.000000,73.000000,287020.000000,0.194927,28.964577
training,20415,18880794.000000,157.000000,80.000000,316952.000000,0.215255,31.372513
training,20416,20260456.000000,186.000000,82.000000,267457.000000,0.181641,38.864960
training,20417,19973890.000000,143.000000,85.000000,317850.000000,0.215865,36.644161
training,20418,20336128.000000,159.000000,82.000000,237159.000000,0.161064,29.923519
training,20419,17994500.000000,155.000000,71.000000,280788.000000,0.190695,28.361759
training,20420,19462174.000000,159.000000,76.000000,292509.000000,0.198655,26.158239
training,20421,22623176.000000,219.000000,87.000000,252019.000000,0.171156,51.204800
training,20422,22272492.000000,175.000000,88.000000,273520.000000,0.185759,43.148865
training,20423,22576800.000000,175.000000,86.000000,236906.000000,0.160893,42.045311
training,20424,21176432.000000,189.000000,85.000000,272761.000000,0.185243,55.735489
training,20425,20382838.000000,193.000000,86.000000,241923.000000,0.164300,37.914207
training,20426,16681918.000000,190.000000,76.000000,363749.000000,0.247037,33.010719
training,20427,18821362.000000,163.000000,75.000000,299914.000000,0.203684,24.985312
training,20428,18087592.000000,158.000000,76.000000,315487.000000,0.214260,34.651775
training,20429,18175672.000000,156.000000,80.000000,319102.000000,0.216715,32.070911
training,20430,19812814.000000,158.000000,78.000000,267620.000000,0.181752,30.615648
training,20431,18862112.000000,167.000000,83.000000,310475.000000,0.210856,33.582146
training,20432,19538388.000000,181.000000,80.000000,346788.000000,0.235518,37.914783
training,20433,18887588.000000,221.000000,76.000000,361372.000000,0.245422,42.789761
training,20434,17471380.000000,159.000000,78.000000,315446.000000,0.214232,28.834528
training,20435,19145336.000000,181.000000,74.000000,271594.000000,0.184451,47.181377
training,20436,19465936.000000,228.000000,86.000000,304201.000000,0.206595,51.931297
training,20437,17922616.000000,205.000000,78.000000,374564.000000,0.254382,33.523617
training,20438,22392528.000000,209.000000,91.000000,318091.000000,0.216029,45.890430
training,20439,22720596.000000,175.000000,88.000000,235824.000000,0.160158,33.477154
training,20440,21045694.000000,193.000000,85.000000,272833.000000,0.185292,43.893024
training,20441,18253628.000000,179.000000,79.000000,337806.000000,0.229418,27.375744
training,20442,18962540.000000,199.000000,77.000000,331602.000000,0.225204,36.692577
training,20443,19124172.000000,190.000000,78.000000,321722.000000,0.218494,36.942913
training,20444,19683040.000000,207.000000,81.000000,268320.000000,0.182227,32.348961
training,20445,19271612.000000,156.000000,79.000000,316342.000000,0.214841,36.681278
training,20446,18483598.000000,240.000000,75.000000,379340.000000,0.257625,38.003265
training,20447,20780300.000000,156.000000,84.000000,253139.000000,0.171917,36.240833
training,20448,20163324.000000,182.000000,84.000000,329692.000000,0.223907,30.608128
training,20449,16894140.000000,166.000000,77.000000,371088.000000,0.252021,32.879425
training,20450,19887312.000000,185.000000,78.000000,264164.000000,0.179405,35.209854
training,20451,22405656.000000,210.000000,90.000000,296335.000000,0.201253,51.565536
training,20452,21666008.000000,201.000000,89.000000,324720.000000,0.220531,45.090656
training,20453,19266554.000000,177.000000,84.000000,382198.000000,0.259566,39.086910
training,20454,19974524.000000,152.000000,79.000000,281001.000000,0.190839,32.861153
training,20455,20658802.000000,215.000000,83.000000,281154.000000,0.190943,46.010178
training,20456,20876220.000000,158.000000,86.000000,331971.000000,0.225455,42.639874
training,20457,19742504.000000,227.000000,84.000000,298498.000000,0.202722,52.530815
training,20458,20100452.000000,168.000000,85.000000,348718.000000,0.236829,31.989088
training,20459,18152246.000000,168.000000,76.000000,313095.000000,0.212636,36.493855
training,20460,22841420.000000,198.000000,88.000000,233660.000000,0.158688,38.320129
training,20461,18500930.000000,150.000000,76.000000,295995.000000,0.201022,33.686943
training,20462,20837676.000000,154.000000,86.000000,329305.000000,0.223644,38.851265
training,20463,19443864.000000,171.000000,84.000000,341096.000000,0.231652,34.585697
training,20464,21255156.000000,186.000000,84.000000,255739.000000,0.173683,33.478016
training,20465,18708274.000000,178.000000,79.000000,325618.000000,0.221140,35.387104
training,20466,20550184.000000,165.000000,84.000000,254382.000000,0.172761,28.945185
training,20467,23038944.000000,233.000000,88.000000,238235.000000,0.161795,40.842079
training,20468,20801774.000000,235.000000,82.000000,278928.000000,0.189431,45.661728
training,20469,16871072.000000,159.000000,77.000000,346145.000000,0.235081,26.840160
training,20470,19163816.000000,193.000000,74.000000,273951.000000,0.186051,31.154465
training,20471,20020886.000000,151.000000,83.000000,339176.000000,0.230348,28.752800
training,20472,18724692.000000,233.000000,76.000000,336979.000000,0.228856,42.606400
training,20473,18497398.000000,158.000000,80.000000,334786.000000,0.227367,26.396065
training,20474,23837088.000000,169.000000,93.000000,224996.000000,0.152804,41.152672
training,20475,20152594.000000,236.000000,81.000000,264539.000000,0.179659,48.036385
training,20476,19595116.000000,196.000000,84.000000,352011.000000,0.239065,45.281055
training,20477,17704836.000000,155.000000,80.000000,339775.000000,0.230755,31.504448
training,20478,20165204.000000,160.000000,85.000000,312786.000000,0.212426,38.065887
training,20479,20841466.000000,154.000000,85.000000,329904.000000,0.224051,29.110399
training,20480,19753632.000000,184.000000,86.000000,305686.000000,0.207604,38.003937
training,20481,18859796.000000,189.000000,83.000000,308918.000000,0.209799,43.872543
training,20482,17079562.000000,151.000000,77.000000,352694.000000,0.239529,29.559711
training,20483,20641488.000000,218.000000,82.000000,282350.000000,0.191755,57.559967
training,20484,19536096.000000,151.000000,80.000000,312891.000000,0.212497,35.496033
training,20485,18491448.000000,174.000000,81.000000,379102.000000,0.257464,38.570591
training,20486,19837056.000000,176.000000,85.000000,302747.000000,0.205608,36.271648
training,20487,18053168.000000,214.000000,75.000000,392218.000000,0.266371,45.696159
training,20488,22512016.000000,173.000000,88.000000,262562.000000,0.178317,45.961887
training,20489,19441028.000000,206.000000,84.000000,361670.000000,0.245625,45.359966
training,20490,20574450.000000,192.000000,87.000000,251601.000000,0.170872,40.417313
training,20491,19480972.000000,151.000000,82.000000,339908.000000,0.230845,28.846880
training,20492,19969068.000000,188.000000,78.000000,258470.000000,0.175537,32.846367
training,20493,20067844.000000,177.000000,79.000000,247690.000000,0.168216,30.149408
training,20494,19603464.000000,175.000000,82.000000,304423.000000,0.206746,29.259008
training,20495,18796244.000000,160.000000,83.000000,354987.000000,0.241086,32.018848
training,20496,22957734.000000,149.000000,89.000000,242654.000000,0.164796,39.406338
training,20497,17127720.000000,159.000000,78.000000,325137.000000,0.220814,31.294081
training,20498,22335860.000000,198.000000,89.000000,281558.000000,0.191217,42.955776
training,20499,17890720.000000,153.000000,79.000000,327526.000000,0.222436,23.316416
training,20500,23157940.000000,220.000000,88.000000,244248.000000,0.165879,51.647678
training,20501,18261266.000000,160.000000,71.000000,287812.000000,0.195465,30.652927
training,20502,19381312.000000,186.000000,80.000000,334898.000000,0.227443,39.181278
training,20503,17926520.000000,174.000000,75.000000,312905.000000,0.212507,34.833378
training,20504,17479084.000000,168.000000,75.000000,325348.000000,0.220957,37.806240
training,20505,17571120.000000,146.000000,79.000000,337648.000000,0.229310,37.570526
training,20506,21338958.000000,179.000000,88.000000,325026.000000,0.220738,41.790623
training,20507,18659320.000000,164.000000,73.000000,288994.000000,0.196268,31.439039
training,20508,17237002.000000,171.000000,77.000000,362080.000000,0.245903,31.153601
training,20509,20577080.000000,158.000000,87.000000,343751.000000,0.233455,32.628639
training,20510,18060988.000000,167.000000,79.000000,352288.000000,0.239253,26.429537
training,20511,17960970.000000,163.000000,81.000000,335286.000000,0.227706,33.629921
training,20512,21217898.000000,160.000000,89.000000,330972.000000,0.224777,43.332096
training,20513,22409100.000000,201.000000,89.000000,281361.000000,0.191084,41.771328
training,20514,20681072.000000,166.000000,88.000000,236348.000000,0.160514,35.839489
training,20515,21356964.000000,188.000000,86.000000,276324.000000,0.187663,37.273216
training,20516,18601970.000000,223.000000,76.000000,374219.000000,0.254147,41.938210
training,20517,18160796.000000,158.000000,81.000000,313311.000000,0.212782,37.066719
training,20518,23032592.000000,152.000000,89.000000,242152.000000,0.164455,39.316704
training,20519,20574512.000000,158.000000,87.000000,343066.000000,0.232990,31.666559
training,20520,19226476.000000,178.000000,81.000000,323000.000000,0.219362,26.407425
training,20521,18166302.000000,176.000000,77.000000,337525.000000,0.229227,38.247009
training,20522,18420536.000000,156.000000,76.000000,296240.000000,0.201189,28.113665
training,20523,23258752.000000,263.000000,87.000000,239921.000000,0.162940,41.091393
training,20524,18382060.000000,156.000000,80.000000,319470.000000,0.216965,31.414433
training,20525,19921014.000000,150.000000,84.000000,304774.000000,0.206984,37.468639
training,20526,20335016.000000,196.000000,86.000000,241399.000000,0.163944,42.056866
training,20527,17299280.000000,175.000000,77.000000,361346.000000,0.245405,28.963585
training,20528,20924420.000000,173.000000,89.000000,238845.000000,0.162209,39.171806
training,20529,22694522.000000,180.000000,88.000000,235424.000000,0.159886,35.725887
training,20530,18935508.000000,152.000000,80.000000,316044.000000,0.214638,26.502752
training,20531,19341348.000000,174.000000,77.000000,272967.000000,0.185383,28.809376
training,20532,22751500.000000,176.000000,89.000000,268487.000000,0.182340,43.134239
training,20533,17026406.000000,155.000000,77.000000,340303.000000,0.231114,27.126305
training,20534,18306626.000000,151.000000,81.000000,354508.000000,0.240761,31.792000
training,20535,17649010.000000,179.000000,77.000000,355863.000000,0.241681,38.971264
training,20536,18884456.000000,228.000000,75.000000,359636.000000,0.244243,46.985600
training,20537,17438980.000000,195.000000,77.000000,366266.000000,0.248746,37.259998
training,20538,23031760.000000,158.000000,91.000000,228320.000000,0.155061,33.757057
training,20539,19757636.000000,159.000000,78.000000,278698.000000,0.189275,31.685184
training,20540,18514504.000000,169.000000,76.000000,344887.000000,0.234227,34.881374
training,20541,22957528.000000,222.000000,87.000000,244024.000000,0.165727,58.356640
training,20542,18011568.000000,148.000000,72.000000,286555.000000,0.194611,25.389824
training,20543,18467506.000000,180.000000,81.000000,378275.000000,0.256902,30.401440
training,20544,19931822.000000,184.000000,78.000000,257699.000000,0.175014,47.126625
training,20545,19218446.000000,157.000000,79.000000,315707.000000,0.214409,29.267809
training,20546,18704480.000000,182.000000,77.000000,307347.000000,0.208732,27.893761
training,20547,17950300.000000,153.000000,70.000000,279759.000000,0.189996,25.560736
training,20548,22555220.000000,178.000000,88.000000,271667.000000,0.184500,39.348480
training,20549,18804300.000000,190.000000,84.000000,308549.000000,0.209548,42.406464
training,20550,20903856.000000,169.000000,84.000000,251021.000000,0.170479,36.713375
training,20551,17980556.000000,188.000000,75.000000,380954.000000,0.258721,49.330975
training,20552,18166896.000000,192.000000,75.000000,372059.000000,0.252680,54.949825
training,20553,18331388.000000,154.000000,80.000000,325477.000000,0.221045,24.865536
training,20554,18980644.000000,208.000000,77.000000,329781.000000,0.223968,42.436031
training,20555,18778880.000000,168.000000,75.000000,299336.000000,0.203291,35.489281
training,20556,19845070.000000,165.000000,80.000000,291441.000000,0.197929,38.931263
training,20557,18706896.000000,230.000000,76.000000,336179.000000,0.228313,43.576511
training,20558,17884748.000000,158.000000,79.000000,352224.000000,0.239210,27.101696
training,20559,19220356.000000,181.000000,78.000000,353687.000000,0.240203,40.664127
training,20560,18452304.000000,157.000000,80.000000,334423.000000,0.227120,27.826880
training,20561,18174408.000000,154.000000,80.000000,318650.000000,0.216408,34.270977
training,20562,20235998.000000,189.000000,82.000000,266849.000000,0.181228,39.968063
training,20563,22889184.000000,194.000000,88.000000,233526.000000,0.158597,34.065346
training,20564,18828172.000000,165.000000,73.000000,287482.000000,0.195241,29.548096
training,20565,22344466.000000,207.000000,90.000000,317858.000000,0.215870,48.043648
training,20566,20613116.000000,216.000000,82.000000,282059.000000,0.191558,49.540192
training,20567,17870426.000000,150.000000,78.000000,326801.000000,0.221944,27.148001
training,20568,18913096.000000,148.000000,81.000000,339972.000000,0.230889,25.018368
training,20569,19053264.000000,156.000000,80.000000,339811.000000,0.230779,27.413376
training,20570,21303328.000000,159.000000,84.000000,248214.000000,0.168572,32.784286
training,20571,22447794.000000,223.000000,87.000000,257155.000000,0.174644,37.582081
training,20572,18789840.000000,164.000000,74.000000,288690.000000,0.196061,31.995905
training,20573,21733920.000000,197.000000,89.000000,324414.000000,0.220323,43.781921
training,20574,17149384.000000,151.000000,78.000000,386758.000000,0.262663,34.145790
training,20575,23241056.000000,160.000000,91.000000,236681.000000,0.160740,32.682945
training,20576,19008680.000000,186.000000,82.000000,310675.000000,0.210992,41.862720
training,20577,22652396.000000,186.000000,88.000000,228594.000000,0.155247,36.456383
training,20578,18810856.000000,170.000000,77.000000,342344.000000,0.232500,43.818687
training,20579,18191956.000000,158.000000,76.000000,312819.000000,0.212448,30.773439
training,20580,19578890.000000,158.000000,77.000000,291828.000000,0.198192,33.046719
training,20581,17921740.000000,159.000000,79.000000,318768.000000,0.216488,32.978207
training,20582,19916376.000000,150.000000,82.000000,338675.000000,0.230008,29.187807
training,20583,23490690.000000,158.000000,92.000000,231937.000000,0.157518,40.744705
training,20584,20495912.000000,166.000000,84.000000,254401.000000,0.172774,37.082912
training,20585,18864232.000000,216.000000,81.000000,381426.000000,0.259042,48.927170
training,20586,17689360.000000,155.000000,80.000000,339188.000000,0.230356,37.149345
training,20587,19938586.000000,197.000000,84.000000,306386.000000,0.208079,37.080318
training,20588,19715644.000000,211.000000,81.000000,268098.000000,0.182076,38.921726
training,20589,20749180.000000,158.000000,85.000000,252906.000000,0.171759,28.614977
training,20590,19053254.000000,208.000000,74.000000,273788.000000,0.185941,38.601761
training,20591,19698968.000000,192.000000,84.000000,362261.000000,0.246026,42.267872
training,20592,18759260.000000,174.000000,80.000000,320146.000000,0.217424,31.468321
training,20593,20557958.000000,219.000000,82.000000,281417.000000,0.191122,42.042786
training,20594,18649982.000000,170.000000,80.000000,334921.000000,0.227458,27.381056
training,20595,21850658.000000,166.000000,90.000000,324389.000000,0.220306,37.171520
training,20596,19849924.000000,186.000000,78.000000,264036.000000,0.179318,46.478943
training,20597,20452596.000000,159.000000,85.000000,330737.000000,0.224617,29.977823
training,20598,17245992.000000,187.000000,73.000000,390508.000000,0.265210,40.218880
training,20599,17453340.000000,168.000000,77.000000,358995.000000,0.243808,33.965759
training,20600,23018196.000000,160.000000,91.000000,234224.000000,0.159071,42.608158
training,20601,20563236.000000,189.000000,87.000000,251649.000000,0.170905,39.980671
training,20602,18687378.000000,184.000000,77.000000,338264.000000,0.229729,39.370079
training,20603,18655508.000000,176.000000,77.000000,345294.000000,0.234503,43.704193
training,20604,18561636.000000,228.000000,80.000000,385609.000000,0.261883,38.168510
training,20605,18641684.000000,173.000000,79.000000,325287.000000,0.220916,34.388832
training,20606,17518434.000000,163.000000,79.000000,384397.000000,0.261060,31.165695
training,20607,19778384.000000,173.000000,85.000000,302206.000000,0.205240,35.778080
training,20608,22493884.000000,173.000000,89.000000,272810.000000,0.185276,45.772610
training,20609,20155648.000000,156.000000,85.000000,312444.000000,0.212193,37.462753
training,20610,22476228.000000,207.000000,89.000000,296187.000000,0.201153,45.537697
training,20611,19778958.000000,228.000000,80.000000,303854.000000,0.206360,37.095871
training,20612,19776786.000000,164.000000,78.000000,266725.000000,0.181144,29.583103
training,20613,23867460.000000,169.000000,92.000000,225279.000000,0.152996,30.466848
training,20614,17849720.000000,148.000000,80.000000,336956.000000,0.228841,35.011135
training,20615,20016144.000000,180.000000,79.000000,247149.000000,0.167849,32.007584
training,20616,21268848.000000,205.000000,87.000000,324839.000000,0.220611,41.528255
training,20617,18903756.000000,169.000000,75.000000,293938.000000,0.199625,33.524929
training,20618,17270520.000000,162.000000,74.000000,321091.000000,0.218066,38.990658
training,20619,18086170.000000,196.000000,78.000000,389402.000000,0.264459,34.356064
training,20620,17870732.000000,158.000000,79.000000,388702.000000,0.263983,34.872738
training,20621,19982296.000000,174.000000,79.000000,256905.000000,0.174475,33.322975
training,20622,19835382.000000,194.000000,83.000000,267058.000000,0.181370,41.266239
training,20623,16816340.000000,160.000000,77.000000,346426.000000,0.235272,28.692415
training,20624,19949240.000000,183.000000,83.000000,315011.000000,0.213937,27.448095
training,20625,22976664.000000,241.000000,88.000000,234757.000000,0.159433,52.201759
training,20626,18444384.000000,193.000000,79.000000,393704.000000,0.267380,33.714401
training,20627,18412040.000000,184.000000,80.000000,346048.000000,0.235015,28.382145
training,20628,20101364.000000,228.000000,81.000000,264671.000000,0.179749,44.581375
training,20629,22949322.000000,235.000000,88.000000,238392.000000,0.161902,44.766434
training,20630,19268858.000000,151.000000,81.000000,321293.000000,0.218203,31.796320
training,20631,19669660.000000,188.000000,85.000000,305324.000000,0.207358,36.615330
training,20632,20790158.000000,157.000000,86.000000,329012.000000,0.223445,37.741791
training,20633,18651272.000000,170.000000,83.000000,336244.000000,0.228357,36.736481
training,20634,17727150.000000,152.000000,79.000000,327847.000000,0.222654,34.218624
training,20635,23716212.000000,158.000000,91.000000,227258.000000,0.154340,32.918015
training,20636,19244736.000000,154.000000,75.000000,289624.000000,0.196695,24.397663
training,20637,19514074.000000,161.000000,80.000000,313375.000000,0.212826,28.873407
training,20638,17754356.000000,177.000000,76.000000,326353.000000,0.221640,35.383297
training,20639,19788134.000000,174.000000,81.000000,308238.000000,0.209337,33.223007
training,20640,22360132.000000,147.000000,87.000000,244091.000000,0.165772,34.588898
training,20641,17367084.000000,178.000000,78.000000,352804.000000,0.239604,34.191807
training,20642,22693686.000000,179.000000,87.000000,236686.000000,0.160743,40.444351
training,20643,17760576.000000,173.000000,79.000000,385951.000000,0.262115,35.854210
training,20644,16773773.000000,151.000000,76.000000,370748.000000,0.251790,33.332928
training,20645,18041264.000000,158.000000,76.000000,315407.000000,0.214206,36.954433
training,20646,19639084.000000,168.000000,83.000000,316158.000000,0.214716,42.227135
training,20647,19128828.000000,192.000000,78.000000,320997.000000,0.218002,35.764801
training,20648,17574348.000000,158.000000,78.000000,315545.000000,0.214299,33.788418
training,20649,19128940.000000,185.000000,83.000000,381431.000000,0.259045,38.619263
training,20650,18354152.000000,150.000000,78.000000,337280.000000,0.229061,30.572321
training,20651,18159580.000000,151.000000,79.000000,324561.000000,0.220423,25.580223
training,20652,20983502.000000,221.000000,82.000000,276235.000000,0.187602,42.820961
training,20653,19606946.000000,231.000000,83.000000,298248.000000,0.202552,55.149120
training,20654,19511328.000000,199.000000,82.000000,330570.000000,0.224504,29.497952
training,20655,20744494.000000,158.000000,85.000000,330018.000000,0.224129,29.136383
training,20656,18241686.000000,186.000000,79.000000,338030.000000,0.229570,29.614401
training,20657,21775532.000000,164.000000,89.000000,243431.000000,0.165324,38.378559
training,20658,20113464.000000,176.000000,80.000000,250865.000000,0.170373,35.662144
training,20659,18082252.000000,162.000000,79.000000,357098.000000,0.242520,32.826687
training,20660,18794244.000000,167.000000,83.000000,354552.000000,0.240791,34.813313
training,20661,19126228.000000,179.000000,74.000000,271141.000000,0.184143,39.658657
training,20662,22397868.000000,209.000000,90.000000,304697.000000,0.206932,40.188705
training,20663,17973556.000000,161.000000,71.000000,282463.000000,0.191832,24.797344
training,20664,19465872.000000,181.000000,75.000000,266392.000000,0.180918,34.475456
training,20665,19018716.000000,173.000000,81.000000,308805.000000,0.209722,38.341568
training,20666,22325472.000000,175.000000,88.000000,264420.000000,0.179578,45.913090
training,20667,22251348.000000,153.000000,90.000000,236724.000000,0.160769,39.004257
training,20668,18048612.000000,175.000000,78.000000,350764.000000,0.238218,28.748480
training,20669,16561681.000000,192.000000,75.000000,362612.000000,0.246265,37.431263
training,20670,23142104.000000,180.000000,89.000000,236251.000000,0.160448,38.547649
training,20671,20130260.000000,176.000000,83.000000,259668.000000,0.176351,34.881023
training,20672,19635818.000000,179.000000,83.000000,310891.000000,0.211139,36.375488
training,20673,18165436.000000,147.000000,71.000000,278624.000000,0.189225,30.097055
training,20674,17454488.000000,154.000000,77.000000,335529.000000,0.227871,29.505856
training,20675,18075218.000000,157.000000,71.000000,282308.000000,0.191727,29.776287
training,20676,20539132.000000,170.000000,89.000000,319265.000000,0.216826,35.890175
training,20677,19216890.000000,197.000000,75.000000,267771.000000,0.181854,32.051105
training,20678,20458684.000000,198.000000,86.000000,322096.000000,0.218748,43.722111
training,20679,17881926.000000,229.000000,74.000000,392624.000000,0.266647,44.205631
training,20680,20031828.000000,148.000000,84.000000,316812.000000,0.215160,36.472000
training,20681,19865188.000000,155.000000,80.000000,237485.000000,0.161286,31.263744
training,20682,18730476.000000,228.000000,76.000000,382030.000000,0.259452,47.341759
training,20683,18576652.000000,166.000000,74.000000,299996.000000,0.203739,30.858528
training,20684,19848942.000000,158.000000,78.000000,261914.000000,0.177876,30.908512
training,20685,20267464.000000,150.000000,88.000000,331182.000000,0.224919,34.502880
training,20686,17763748.000000,216.000000,74.000000,397087.000000,0.269678,49.065086
training,20687,19443182.000000,169.000000,83.000000,340272.000000,0.231093,35.304897
training,20688,18419048.000000,204.000000,79.000000,383389.000000,0.260375,39.396320
training,20689,18177256.000000,176.000000,79.000000,342219.000000,0.232415,35.235584
training,20690,22754532.000000,178.000000,87.000000,231800.000000,0.157425,42.044514
training,20691,19410780.000000,155.000000,82.000000,338754.000000,0.230062,33.329121
training,20692,19303072.000000,236.000000,85.000000,303118.000000,0.205860,49.887871
training,20693,17721626.000000,154.000000,78.000000,341302.000000,0.231792,27.298977
training,20694,22297332.000000,162.000000,90.000000,230947.000000,0.156845,38.365250
training,20695,22488440.000000,174.000000,86.000000,235260.000000,0.159775,38.312927
training,20696,21012746.000000,156.000000,85.000000,250246.000000,0.169952,35.991871
training,20697,17032994.000000,154.000000,76.000000,351640.000000,0.238813,30.517376
training,20698,19447474.000000,173.000000,83.000000,356370.000000,0.242025,33.577919
training,20699,17697536.000000,177.000000,76.000000,324858.000000,0.220624,30.812384
training,20700,20461652.000000,167.000000,81.000000,241575.000000,0.164063,37.053631
training,20701,19275176.000000,165.000000,78.000000,309069.000000,0.209901,41.325474
training,20702,19517568.000000,189.000000,84.000000,351636.000000,0.238810,47.694496
training,20703,18465076.000000,234.000000,75.000000,378646.000000,0.257154,49.045025
training,20704,20241876.000000,157.000000,81.000000,236509.000000,0.160623,26.530527
training,20705,18432448.000000,146.000000,73.000000,285998.000000,0.194233,27.681984
training,20706,17502348.000000,155.000000,77.000000,358405.000000,0.243407,34.520226
training,20707,17282780.000000,164.000000,77.000000,343171.000000,0.233061,27.984224
training,20708,19976928.000000,216.000000,82.000000,320962.000000,0.217978,38.898945
training,20709,18244268.000000,163.000000,71.000000,287808.000000,0.195462,25.704832
training,20710,19551152.000000,169.000000,84.000000,378371.000000,0.256967,38.606464
training,20711,20711304.000000,164.000000,85.000000,331674.000000,0.225253,37.655743
training,20712,18764100.000000,234.000000,76.000000,376830.000000,0.255921,43.367264
training,20713,17915052.000000,172.000000,75.000000,312722.000000,0.212382,35.316479
training,20714,18349008.000000,163.000000,76.000000,357750.000000,0.242963,45.393887
training,20715,17568384.000000,142.000000,79.000000,337057.000000,0.228909,34.117088
training,20716,20927916.000000,205.000000,84.000000,272752.000000,0.185237,59.577217
training,20717,19959246.000000,183.000000,83.000000,329192.000000,0.223568,30.730047
training,20718,21884376.000000,199.000000,88.000000,324032.000000,0.220063,46.195904
training,20719,19821612.000000,155.000000,79.000000,278386.000000,0.189063,33.999554
training,20720,17557078.000000,213.000000,73.000000,398396.000000,0.270567,49.661598
training,20721,22302018.000000,178.000000,87.000000,256069.000000,0.173907,36.441631
training,20722,19703468.000000,167.000000,83.000000,318530.000000,0.216327,40.328384
training,20723,21393880.000000,164.000000,86.000000,248638.000000,0.168860,29.324800
training,20724,16445521.000000,185.000000,75.000000,357985.000000,0.243122,33.850975
training,20725,16824384.000000,189.000000,76.000000,365762.000000,0.248404,30.745184
training,20726,21045956.000000,188.000000,85.000000,271822.000000,0.184605,54.143745
training,20727,22515502.000000,226.000000,87.000000,251657.000000,0.170911,53.325600
training,20728,20097444.000000,186.000000,82.000000,274139.000000,0.186179,35.109409
training,20729,23098428.000000,214.000000,87.000000,240574.000000,0.163384,43.555935
training,20730,22023312.000000,153.000000,88.000000,245194.000000,0.166521,36.927391
training,20731,16920948.000000,147.000000,77.000000,377828.000000,0.256598,35.001087
training,20732,21197388.000000,163.000000,87.000000,324532.000000,0.220403,39.824287
training,20733,22828080.000000,153.000000,88.000000,239462.000000,0.162628,32.689568
training,20734,17923548.000000,159.000000,77.000000,334479.000000,0.227158,38.928898
training,20735,17436086.000000,160.000000,74.000000,385689.000000,0.261937,47.317410
training,20736,17070892.000000,157.000000,77.000000,324779.000000,0.220571,28.983040
training,20737,21042946.000000,190.000000,83.000000,255384.000000,0.173442,38.836033
training,20738,19582056.000000,169.000000,82.000000,303966.000000,0.206436,29.687551
training,20739,20024656.000000,196.000000,85.000000,323138.000000,0.219456,50.460991
training,20740,21257132.000000,176.000000,84.000000,252366.000000,0.171392,37.896255
training,20741,17863220.000000,157.000000,74.000000,314385.000000,0.213512,36.220322
training,20742,19560012.000000,175.000000,83.000000,323484.000000,0.219691,44.131809
training,20743,19975636.000000,164.000000,83.000000,348228.000000,0.236496,34.678143
training,20744,19446566.000000,191.000000,84.000000,360819.000000,0.245047,50.106815
training,20745,18507080.000000,142.000000,79.000000,330265.000000,0.224296,32.662334
training,20746,20634584.000000,228.000000,82.000000,278624.000000,0.189225,45.161823
training,20747,18768882.000000,165.000000,82.000000,310207.000000,0.210674,32.455807
training,20748,19445336.000000,153.000000,81.000000,340229.000000,0.231063,29.457952
training,20749,20290100.000000,151.000000,83.000000,331642.000000,0.225232,28.664320
training,20750,18675968.000000,156.000000,80.000000,318341.000000,0.216198,31.545280
training,20751,17901398.000000,146.000000,79.000000,355104.000000,0.241166,35.995041
training,20752,19449828.000000,187.000000,80.000000,346657.000000,0.235429,34.695007
training,20753,18015340.000000,159.000000,75.000000,313504.000000,0.212913,36.233665
training,20754,18165534.000000,213.000000,75.000000,379813.000000,0.257946,42.204895
training,20755,19336602.000000,185.000000,80.000000,334165.000000,0.226945,40.343456
training,20756,20357004.000000,153.000000,87.000000,323000.000000,0.219362,32.207233
training,20757,19802414.000000,151.000000,79.000000,280977.000000,0.190823,36.494175
training,20758,18225752.000000,183.000000,81.000000,384364.000000,0.261037,33.647007
training,20759,17446770.000000,170.000000,75.000000,325228.000000,0.220876,38.057281
training,20760,17784034.000000,198.000000,78.000000,373249.000000,0.253489,37.451614
training,20761,22329150.000000,210.000000,89.000000,290273.000000,0.197136,46.346817
training,20762,18190628.000000,174.000000,77.000000,331153.000000,0.224899,35.867264
training,20763,19478508.000000,211.000000,79.000000,296839.000000,0.201595,50.424545
training,20764,22270248.000000,175.000000,88.000000,262307.000000,0.178143,40.194176
training,20765,19730444.000000,228.000000,80.000000,304054.000000,0.206495,43.470242
training,20766,20742438.000000,152.000000,85.000000,328573.000000,0.223147,33.179970
training,20767,19684632.000000,175.000000,77.000000,262998.000000,0.178613,36.532833
training,20768,17984496.000000,162.000000,75.000000,315017.000000,0.213941,34.530334
training,20769,22142016.000000,150.000000,90.000000,236194.000000,0.160409,39.072830
training,20770,19547982.000000,182.000000,85.000000,305225.000000,0.207291,42.845886
training,20771,21061990.000000,203.000000,87.000000,324939.000000,0.220679,42.692192
training,20772,19822600.000000,215.000000,82.000000,320601.000000,0.217733,43.646400
training,20773,19361708.000000,172.000000,83.000000,340746.000000,0.231414,37.492126
training,20774,21750948.000000,197.000000,88.000000,324184.000000,0.220167,45.989346
training,20775,19124696.000000,165.000000,77.000000,308911.000000,0.209794,36.908642
training,20776,18969610.000000,189.000000,77.000000,320558.000000,0.217704,46.314144
training,20777,19069124.000000,174.000000,81.000000,322591.000000,0.219085,28.710112
training,20778,17884262.000000,141.000000,79.000000,354468.000000,0.240734,34.950401
training,20779,18976432.000000,199.000000,74.000000,273497.000000,0.185743,38.461697
training,20780,19503686.000000,179.000000,82.000000,303075.000000,0.205831,30.867136
training,20781,18755420.000000,169.000000,82.000000,309908.000000,0.210471,38.062401
training,20782,20395966.000000,163.000000,80.000000,241202.000000,0.163810,32.439713
training,20783,19850776.000000,155.000000,83.000000,312317.000000,0.212107,38.265823
training,20784,17338768.000000,187.000000,77.000000,365861.000000,0.248471,31.963009
training,20785,22813304.000000,150.000000,89.000000,238802.000000,0.162180,38.228672
training,20786,19719656.000000,196.000000,83.000000,266680.000000,0.181113,40.408287
training,20787,17748434.000000,198.000000,78.000000,373238.000000,0.253481,34.840641
training,20788,20593090.000000,233.000000,81.000000,278447.000000,0.189105,46.452255
training,20789,18883720.000000,196.000000,77.000000,329667.000000,0.223890,37.130497
training,20790,22892360.000000,247.000000,86.000000,239920.000000,0.162939,41.007839
training,20791,22932982.000000,156.000000,92.000000,228394.000000,0.155112,36.701408
training,20792,20684520.000000,166.000000,85.000000,331707.000000,0.225276,38.343521
training,20793,17071792.000000,156.000000,77.000000,352386.000000,0.239320,29.421600
training,20794,19368692.000000,157.000000,79.000000,313049.000000,0.212604,37.409634
training,20795,18860180.000000,147.000000,80.000000,316183.000000,0.214733,32.993889
training,20796,18010644.000000,168.000000,78.000000,351514.000000,0.238727,26.738527
training,20797,18239588.000000,144.000000,78.000000,336704.000000,0.228669,25.103201
training,20798,17113602.000000,149.000000,78.000000,386495.000000,0.262484,36.314911
training,20799,19632244.000000,211.000000,80.000000,267376.000000,0.181586,38.107231
training,20800,16749654.000000,158.000000,77.000000,345269.000000,0.234486,26.248705
training,20801,19051536.000000,172.000000,74.000000,270205.000000,0.183507,44.032352
training,20802,17998772.000000,165.000000,80.000000,335296.000000,0.227713,32.172832
training,20803,17890388.000000,158.000000,71.000000,281763.000000,0.191357,28.972864
training,20804,19819928.000000,177.000000,78.000000,257281.000000,0.174730,48.164993
training,20805,18443160.000000,145.000000,79.000000,329370.000000,0.223689,30.932159
training,20806,19763240.000000,157.000000,78.000000,261654.000000,0.177700,30.629824
training,20807,18114340.000000,220.000000,74.000000,379407.000000,0.257671,54.774433
training,20808,18487180.000000,176.000000,76.000000,344507.000000,0.233969,44.214272
training,20809,22513040.000000,192.000000,85.000000,231879.000000,0.157478,40.434784
training,20810,22248600.000000,186.000000,84.000000,235660.000000,0.160046,38.506306
training,20811,17235544.000000,161.000000,77.000000,342265.000000,0.232446,23.541569
training,20812,22204308.000000,150.000000,90.000000,230734.000000,0.156701,34.807583
training,20813,22490936.000000,232.000000,85.000000,234429.000000,0.159210,52.286175
training,20814,19044508.000000,178.000000,78.000000,353065.000000,0.239781,45.243103
training,20815,18693764.000000,221.000000,75.000000,359442.000000,0.244112,46.287552
training,20816,19792558.000000,155.000000,79.000000,236966.000000,0.160933,32.419392
training,20817,19851652.000000,148.000000,82.000000,338006.000000,0.229554,35.106079
training,20818,18976428.000000,155.000000,80.000000,339161.000000,0.230338,25.479551
training,20819,17894850.000000,165.000000,70.000000,278800.000000,0.189344,24.922367
training,20820,22422492.000000,178.000000,85.000000,236412.000000,0.160557,42.537376
training,20821,20112192.000000,191.000000,82.000000,266602.000000,0.181060,41.775070
training,20822,18211192.000000,157.000000,71.000000,286698.000000,0.194708,32.951008
training,20823,18329968.000000,147.000000,80.000000,318913.000000,0.216587,27.369633
training,20824,18606852.000000,173.000000,79.000000,324978.000000,0.220706,30.449696
training,20825,21155584.000000,183.000000,85.000000,275687.000000,0.187230,47.503231
training,20826,18213060.000000,179.000000,77.000000,330959.000000,0.224768,30.727200
training,20827,18180298.000000,166.000000,79.000000,336862.000000,0.228777,27.763391
training,20828,19202606.000000,155.000000,75.000000,288905.000000,0.196207,24.854208
training,20829,17524698.000000,165.000000,77.000000,358012.000000,0.243141,33.026047
training,20830,20405968.000000,159.000000,85.000000,342877.000000,0.232862,32.437599
training,20831,20679088.000000,163.000000,84.000000,252513.000000,0.171492,37.239521
training,20832,19382292.000000,200.000000,83.000000,359890.000000,0.244416,44.466530
training,20833,18845070.000000,149.000000,80.000000,339598.000000,0.230635,32.943455
training,20834,20909658.000000,234.000000,82.000000,276240.000000,0.187606,51.778336
training,20835,17585604.000000,142.000000,79.000000,336792.000000,0.228729,34.619167
training,20836,18277438.000000,160.000000,79.000000,325172.000000,0.220838,24.879999
training,20837,22361230.000000,195.000000,86.000000,228189.000000,0.154972,35.036034
training,20838,20101500.000000,148.000000,87.000000,331394.000000,0.225063,35.113567
training,20839,18773996.000000,210.000000,80.000000,380897.000000,0.258683,37.110912
training,20840,17801060.000000,159.000000,79.000000,387944.000000,0.263469,37.991390
training,20841,22176468.000000,179.000000,87.000000,262171.000000,0.178051,38.243198
training,20842,18613104.000000,178.000000,77.000000,307455.000000,0.208805,35.874977
training,20843,23145212.000000,157.000000,90.000000,231359.000000,0.157125,38.454433
training,20844,21418738.000000,159.000000,86.000000,248112.000000,0.168503,34.431393
training,20845,19435764.000000,195.000000,81.000000,329209.000000,0.223579,44.976448
training,20846,18063856.000000,176.000000,78.000000,341598.000000,0.231993,35.539806
training,20847,18348316.000000,175.000000,80.000000,378024.000000,0.256731,38.727039
training,20848,21103218.000000,169.000000,84.000000,247730.000000,0.168244,34.141281
training,20849,17728536.000000,171.000000,79.000000,385627.000000,0.261895,31.012447
training,20850,18276076.000000,163.000000,76.000000,357129.000000,0.242541,43.011105
training,20851,17419208.000000,176.000000,74.000000,324690.000000,0.220510,39.650658
training,20852,20391864.000000,218.000000,81.000000,281904.000000,0.191452,48.157921
training,20853,18635226.000000,228.000000,75.000000,375907.000000,0.255294,45.120895
training,20854,20957404.000000,155.000000,85.000000,249692.000000,0.169576,32.505440
training,20855,17822348.000000,160.000000,74.000000,313602.000000,0.212980,28.693855
training,20856,22159064.000000,208.000000,89.000000,317720.000000,0.215777,43.897663
training,20857,19055012.000000,183.000000,83.000000,380786.000000,0.258607,37.377151
training,20858,23668504.000000,157.000000,92.000000,226695.000000,0.153958,31.936129
training,20859,21190904.000000,174.000000,84.000000,252126.000000,0.171229,31.545601
training,20860,19236926.000000,227.000000,84.000000,303745.000000,0.206286,54.462017
training,20861,17437620.000000,154.000000,78.000000,383326.000000,0.260332,35.639458
training,20862,16969272.000000,158.000000,77.000000,324180.000000,0.220164,33.630688
training,20863,18760004.000000,183.000000,81.000000,310030.000000,0.210554,37.898750
training,20864,19924032.000000,172.000000,81.000000,259039.000000,0.175924,32.734047
training,20865,22231472.000000,169.000000,88.000000,272672.000000,0.185183,42.322784
training,20866,17908788.000000,158.000000,75.000000,312945.000000,0.212534,35.784351
training,20867,20228474.000000,171.000000,82.000000,253760.000000,0.172339,32.591873
training,20868,20296252.000000,166.000000,88.000000,318930.000000,0.216598,42.189472
training,20869,18568924.000000,173.000000,73.000000,287277.000000,0.195101,30.994272
training,20870,22237900.000000,176.000000,87.000000,255764.000000,0.173700,47.147583
training,20871,22709224.000000,190.000000,88.000000,233195.000000,0.158372,36.941887
training,20872,18418206.000000,232.000000,79.000000,384313.000000,0.261003,44.396866
training,20873,18330368.000000,206.000000,78.000000,392317.000000,0.266438,35.695713
training,20874,19815096.000000,194.000000,83.000000,304968.000000,0.207116,38.515202
training,20875,21251152.000000,173.000000,88.000000,324385.000000,0.220303,36.164127
training,20876,17238176.000000,183.000000,77.000000,352073.000000,0.239107,31.871328
training,20877,20734094.000000,169.000000,88.000000,238647.000000,0.162075,34.530273
training,20878,17870238.000000,186.000000,74.000000,380891.000000,0.258679,47.835392
training,20879,18056464.000000,161.000000,71.000000,282044.000000,0.191548,31.002144
training,20880,18031528.000000,166.000000,79.000000,356509.000000,0.242120,32.336288
training,20881,19497068.000000,171.000000,84.000000,377011.000000,0.256043,35.573471
training,20882,19252806.000000,172.000000,77.000000,272897.000000,0.185335,30.993216
training,20883,19996740.000000,175.000000,83.000000,328511.000000,0.223105,27.544672
training,20884,18610024.000000,159.000000,74.000000,299653.000000,0.203507,24.910463
training,20885,22490384.000000,183.000000,88.000000,268421.000000,0.182296,33.242783
training,20886,20966344.000000,185.000000,84.000000,272130.000000,0.184815,44.137760
training,20887,18595832.000000,168.000000,77.000000,342203.000000,0.232404,40.623329
training,20888,17634680.000000,214.000000,73.000000,398462.000000,0.270612,49.920033
training,20889,20087984.000000,178.000000,80.000000,250102.000000,0.169854,31.724289
training,20890,18885644.000000,162.000000,75.000000,299350.000000,0.203301,32.662720
training,20891,17403562.000000,168.000000,76.000000,357603.000000,0.242863,26.176737
training,20892,23103714.000000,209.000000,87.000000,239872.000000,0.162907,40.910496
training,20893,17714876.000000,154.000000,78.000000,341032.000000,0.231609,26.101120
training,20894,18346666.000000,205.000000,79.000000,382698.000000,0.259906,33.428898
training,20895,18980950.000000,167.000000,75.000000,294138.000000,0.199761,31.845184
training,20896,21645640.000000,158.000000,89.000000,243147.000000,0.165131,31.617151
training,20897,22810780.000000,160.000000,89.000000,236031.000000,0.160298,31.178272
training,20898,20043486.000000,153.000000,80.000000,280292.000000,0.190358,26.288576
training,20899,19981472.000000,161.000000,80.000000,277582.000000,0.188517,25.533152
training,20900,21486346.000000,197.000000,87.000000,323988.000000,0.220033,42.566593
training,20901,21931076.000000,154.000000,87.000000,244937.000000,0.166347,33.403873
training,20902,20547888.000000,152.000000,88.000000,322170.000000,0.218799,36.364769
training,20903,19354186.000000,189.000000,80.000000,334344.000000,0.227067,38.684673
training,20904,17791550.000000,217.000000,74.000000,396497.000000,0.269277,47.253983
training,20905,19530888.000000,168.000000,82.000000,315792.000000,0.214467,43.108002
training,20906,22864240.000000,222.000000,87.000000,244406.000000,0.165986,45.450592
training,20907,18401410.000000,151.000000,79.000000,334386.000000,0.227095,25.354368
training,20908,17213960.000000,187.000000,73.000000,390088.000000,0.264925,46.165825
training,20909,19705162.000000,187.000000,80.000000,307726.000000,0.208989,34.426018
training,20910,19747020.000000,158.000000,78.000000,278305.000000,0.189008,27.919296
training,20911,19880188.000000,166.000000,84.000000,347600.000000,0.236069,30.622528
training,20912,17956080.000000,195.000000,78.000000,387910.000000,0.263445,34.495296
training,20913,19715080.000000,159.000000,84.000000,318256.000000,0.216141,42.428001
training,20914,21568648.000000,163.000000,89.000000,324278.000000,0.220230,36.128895
training,20915,20940240.000000,189.000000,83.000000,255288.000000,0.173376,39.291679
training,20916,16520554.000000,192.000000,75.000000,362481.000000,0.246176,30.673569
training,20917,19968670.000000,230.000000,80.000000,264454.000000,0.179601,53.502014
training,20918,20722946.000000,160.000000,83.000000,250716.000000,0.170271,30.767872
training,20919,18114804.000000,149.000000,79.000000,323858.000000,0.219945,25.555168
training,20920,20825384.000000,201.000000,84.000000,272603.000000,0.185136,57.155071
training,20921,17872212.000000,150.000000,78.000000,318183.000000,0.216091,30.064833
training,20922,19378900.000000,182.000000,83.000000,356568.000000,0.242160,33.921024
training,20923,22137708.000000,202.000000,89.000000,296249.000000,0.201195,48.792225
training,20924,17681788.000000,154.000000,79.000000,327692.000000,0.222549,35.708927
training,20925,18954908.000000,170.000000,81.000000,308724.000000,0.209667,31.113440
training,20926,19388884.000000,207.000000,78.000000,296774.000000,0.201551,36.487743
training,20927,17494960.000000,167.000000,75.000000,325608.000000,0.221134,37.806110
training,20928,22014544.000000,207.000000,88.000000,280926.000000,0.190788,40.861023
training,20929,20380360.000000,192.000000,87.000000,251003.000000,0.170466,43.266174
training,20930,17809160.000000,155.000000,75.000000,312559.000000,0.212272,34.321632
training,20931,16926966.000000,158.000000,76.000000,339178.000000,0.230350,27.863520
training,20932,18608298.000000,168.000000,79.000000,334013.000000,0.226842,28.614113
training,20933,19337512.000000,153.000000,81.000000,338879.000000,0.230147,28.425535
training,20934,17421734.000000,155.000000,77.000000,335018.000000,0.227524,28.843424
training,20935,19812272.000000,178.000000,79.000000,247032.000000,0.167769,35.478016
training,20936,22397714.000000,184.000000,88.000000,271702.000000,0.184524,40.986942
training,20937,18457660.000000,228.000000,75.000000,336189.000000,0.228320,39.598881
training,20938,16845160.000000,190.000000,76.000000,364630.000000,0.247635,35.832767
training,20939,20304826.000000,161.000000,84.000000,330133.000000,0.224207,40.740513
training,20940,22689260.000000,150.000000,88.000000,241779.000000,0.164202,36.503872
training,20941,19360050.000000,149.000000,80.000000,339133.000000,0.230319,28.055008
training,20942,19727576.000000,146.000000,83.000000,316352.000000,0.214848,41.232033
training,20943,18658874.000000,185.000000,83.000000,307966.000000,0.209152,41.109886
training,20944,17762436.000000,146.000000,80.000000,336501.000000,0.228532,36.553505
training,20945,16850584.000000,146.000000,77.000000,377173.000000,0.256154,32.592609
training,20946,19966958.000000,195.000000,85.000000,322615.000000,0.219101,47.249695
training,20947,18321680.000000,151.000000,76.000000,295412.000000,0.200626,39.811840
training,20948,19171388.000000,147.000000,80.000000,320639.000000,0.217759,30.821280
training,20949,17881616.000000,176.000000,75.000000,312056.000000,0.211930,39.167904
training,20950,20192156.000000,187.000000,86.000000,241159.000000,0.163781,43.011391
training,20951,19584522.000000,165.000000,80.000000,290359.000000,0.197195,33.970497
training,20952,20139204.000000,161.000000,81.000000,236440.000000,0.160576,29.040545
training,20953,18569780.000000,166.000000,73.000000,288448.000000,0.195897,26.820671
training,20954,22992926.000000,177.000000,87.000000,236063.000000,0.160320,32.090816
training,20955,17770248.000000,148.000000,78.000000,325965.000000,0.221376,29.279455
training,20956,18035394.000000,157.000000,79.000000,318012.000000,0.215975,37.333633
training,20957,17661144.000000,177.000000,76.000000,325023.000000,0.220736,39.535297
training,20958,19068304.000000,158.000000,79.000000,315343.000000,0.214162,38.968674
training,20959,17188440.000000,160.000000,74.000000,321094.000000,0.218068,39.507198
training,20960,20152100.000000,148.000000,83.000000,331429.000000,0.225087,30.422592
training,20961,17778862.000000,161.000000,79.000000,351188.000000,0.238506,31.729631
training,20962,22236468.000000,157.000000,88.000000,243353.000000,0.165271,35.220448
training,20963,19563134.000000,174.000000,84.000000,322810.000000,0.219233,46.175617
training,20964,19585156.000000,158.000000,77.000000,266508.000000,0.180996,25.705889
training,20965,19383888.000000,180.000000,79.000000,345988.000000,0.234975,34.219646
training,20966,17953868.000000,175.000000,78.000000,350914.000000,0.238320,34.389854
training,20967,18315314.000000,237.000000,75.000000,378924.000000,0.257343,53.514431
training,20968,16467769.000000,187.000000,75.000000,357146.000000,0.242552,31.843904
training,20969,19673710.000000,172.000000,84.000000,302517.000000,0.205452,43.993984
training,20970,19488772.000000,197.000000,84.000000,350526.000000,0.238056,38.395424
training,20971,19574196.000000,174.000000,83.000000,310742.000000,0.211038,39.923073
training,20972,19270190.000000,157.000000,76.000000,291204.000000,0.197768,24.789951
training,20973,17920332.000000,146.000000,71.000000,286153.000000,0.194338,30.486431
training,20974,20671458.000000,151.000000,85.000000,329708.000000,0.223918,29.732224
training,20975,18717188.000000,231.000000,76.000000,381678.000000,0.259213,46.271999
training,20976,23661376.000000,169.000000,93.000000,224823.000000,0.152686,39.272865
training,20977,16824700.000000,153.000000,76.000000,370053.000000,0.251318,32.692352
training,20978,18232794.000000,145.000000,81.000000,353584.000000,0.240133,37.786270
training,20979,19508876.000000,229.000000,82.000000,297791.000000,0.202242,46.178783
training,20980,17426482.000000,170.000000,73.000000,385427.000000,0.261759,43.122303
training,20981,18332066.000000,144.000000,73.000000,285319.000000,0.193772,30.534624
training,20982,17832580.000000,158.000000,76.000000,334021.000000,0.226847,42.876991
training,20983,19327046.000000,186.000000,75.000000,265966.000000,0.180628,37.662495
training,20984,18109706.000000,159.000000,80.000000,312645.000000,0.212330,34.390625
training,20985,18623762.000000,166.000000,82.000000,335660.000000,0.227960,33.768608
training,20986,22715342.000000,155.000000,90.000000,233928.000000,0.158870,36.608318
training,20987,18130924.000000,176.000000,80.000000,383485.000000,0.260440,34.335968
training,20988,22689788.000000,226.000000,86.000000,237668.000000,0.161410,49.985279
training,20989,22360168.000000,206.000000,88.000000,289596.000000,0.196676,43.810337
training,20990,20340422.000000,205.000000,86.000000,321690.000000,0.218473,45.398273
training,20991,19149296.000000,191.000000,75.000000,267294.000000,0.181530,34.903969
training,20992,19702868.000000,151.000000,83.000000,303887.000000,0.206382,35.250111
training,20993,19780778.000000,174.000000,78.000000,256478.000000,0.174185,30.409248
training,20994,18499840.000000,219.000000,75.000000,373664.000000,0.253770,44.183617
training,20995,20345548.000000,220.000000,81.000000,280698.000000,0.190633,46.890846
training,20996,17826416.000000,218.000000,74.000000,391990.000000,0.266216,55.021664
training,20997,22086962.000000,210.000000,89.000000,304262.000000,0.206637,44.289856
training,20998,18547798.000000,154.000000,80.000000,317676.000000,0.215747,32.167648
training,20999,22306204.000000,185.000000,85.000000,234995.000000,0.159595,35.674591
training,21000,18015362.000000,146.000000,71.000000,277622.000000,0.188544,28.922176
training,21001,22007100.000000,168.000000,87.000000,263627.000000,0.179040,45.234016
training,21002,18046056.000000,175.000000,76.000000,336579.000000,0.228584,38.994209
training,21003,17612576.000000,153.000000,79.000000,338738.000000,0.230051,35.804897
training,21004,18643540.000000,170.000000,79.000000,318796.000000,0.216507,43.968128
training,21005,19958252.000000,183.000000,82.000000,273664.000000,0.185856,44.133537
training,21006,20421318.000000,172.000000,87.000000,235864.000000,0.160185,39.664833
training,21007,19538908.000000,178.000000,83.000000,361078.000000,0.245223,41.530910
training,21008,18304934.000000,186.000000,79.000000,344505.000000,0.233967,27.463488
training,21009,19764542.000000,179.000000,82.000000,313895.000000,0.213179,30.184799
training,21010,18523200.000000,179.000000,76.000000,336450.000000,0.228497,40.835457
training,21011,21013226.000000,147.000000,87.000000,329640.000000,0.223872,36.508064
training,21012,17958568.000000,187.000000,74.000000,371067.000000,0.252007,56.724545
training,21013,17110096.000000,178.000000,76.000000,360675.000000,0.244949,29.163424
training,21014,18688348.000000,162.000000,81.000000,353290.000000,0.239934,30.834208
training,21015,18286212.000000,171.000000,75.000000,343736.000000,0.233445,39.744576
training,21016,22058680.000000,215.000000,85.000000,256679.000000,0.174321,44.795265
training,21017,22340374.000000,215.000000,86.000000,251113.000000,0.170541,47.183582
training,21018,17378002.000000,155.000000,78.000000,314957.000000,0.213900,31.474688
training,21019,17470508.000000,182.000000,76.000000,354623.000000,0.240839,36.510624
training,21020,20673654.000000,164.000000,88.000000,238353.000000,0.161875,36.468258
training,21021,16485724.000000,193.000000,75.000000,356984.000000,0.242442,35.757439
training,21022,18221096.000000,157.000000,75.000000,356530.000000,0.242134,40.628384
training,21023,22510880.000000,231.000000,86.000000,233900.000000,0.158851,51.494305
training,21024,18258688.000000,152.000000,78.000000,336313.000000,0.228404,30.975967
training,21025,21143118.000000,174.000000,83.000000,251951.000000,0.171110,35.918335
training,21026,19664784.000000,147.000000,83.000000,303342.000000,0.206012,32.056801
training,21027,17715696.000000,154.000000,78.000000,340898.000000,0.231518,28.995617
training,21028,19721198.000000,147.000000,84.000000,315761.000000,0.214446,38.935806
training,21029,20443054.000000,149.000000,87.000000,321376.000000,0.218260,33.823711
training,21030,19668470.000000,218.000000,81.000000,318921.000000,0.216592,39.370399
training,21031,22274292.000000,171.000000,85.000000,234868.000000,0.159508,32.259743
training,21032,18822862.000000,157.000000,80.000000,315272.000000,0.214114,28.854496
training,21033,20914476.000000,155.000000,84.000000,249649.000000,0.169547,33.838142
training,21034,19261908.000000,159.000000,79.000000,312292.000000,0.212090,42.292191
training,21035,18407452.000000,197.000000,79.000000,392045.000000,0.266254,35.539104
training,21036,17463980.000000,166.000000,76.000000,357310.000000,0.242664,31.212543
training,21037,19495494.000000,169.000000,82.000000,303510.000000,0.206126,31.679873
training,21038,22258412.000000,200.000000,89.000000,289043.000000,0.196301,46.976929
training,21039,19594638.000000,179.000000,84.000000,360518.000000,0.244842,35.343712
training,21040,20272164.000000,169.000000,80.000000,241126.000000,0.163758,39.127968
training,21041,19382240.000000,175.000000,83.000000,355809.000000,0.241644,35.992226
training,21042,20212576.000000,146.000000,83.000000,330310.000000,0.224327,28.595104
training,21043,17136468.000000,193.000000,73.000000,389284.000000,0.264379,41.707455
training,21044,18348982.000000,155.000000,79.000000,318473.000000,0.216288,29.841057
training,21045,18528696.000000,229.000000,76.000000,335344.000000,0.227746,48.607456
training,21046,18125236.000000,219.000000,74.000000,378804.000000,0.257261,47.010529
training,21047,19123744.000000,195.000000,75.000000,267231.000000,0.181487,41.115486
training,21048,17547604.000000,221.000000,73.000000,397891.000000,0.270224,36.576801
training,21049,22366040.000000,177.000000,88.000000,271239.000000,0.184209,43.085312
training,21050,20434582.000000,166.000000,86.000000,342333.000000,0.232492,33.834496
training,21051,19625296.000000,227.000000,80.000000,302495.000000,0.205437,44.444511
training,21052,18675696.000000,152.000000,74.000000,298847.000000,0.202959,26.007296
training,21053,20387602.000000,215.000000,82.000000,280231.000000,0.190316,46.974976
training,21054,22268194.000000,203.000000,89.000000,295438.000000,0.200644,43.694977
training,21055,18880138.000000,150.000000,80.000000,339353.000000,0.230468,25.904545
training,21056,18409388.000000,157.000000,79.000000,334118.000000,0.226913,26.286528
training,21057,18117354.000000,159.000000,71.000000,286901.000000,0.194846,25.888288
training,21058,17882364.000000,184.000000,74.000000,380170.000000,0.258189,49.022846
training,21059,19942590.000000,181.000000,83.000000,328183.000000,0.222882,28.001057
training,21060,19299960.000000,156.000000,76.000000,291003.000000,0.197632,25.904352
training,21061,18696074.000000,172.000000,79.000000,318919.000000,0.216591,36.654270
training,21062,18262650.000000,142.000000,72.000000,285165.000000,0.193667,30.677631
training,21063,18015292.000000,155.000000,80.000000,317923.000000,0.215914,37.227776
training,21064,18604548.000000,164.000000,72.000000,286855.000000,0.194815,31.218880
training,21065,20464696.000000,168.000000,87.000000,235628.000000,0.160025,32.334431
training,21066,17587672.000000,179.000000,76.000000,324488.000000,0.220373,40.230431
training,21067,19726412.000000,185.000000,78.000000,257095.000000,0.174604,47.207870
training,21068,17580960.000000,147.000000,79.000000,327178.000000,0.222200,29.737473
training,21069,20130296.000000,196.000000,85.000000,240624.000000,0.163418,44.974850
training,21070,19688854.000000,153.000000,78.000000,261112.000000,0.177332,30.314688
training,21071,23005704.000000,161.000000,90.000000,236082.000000,0.160333,42.634209
training,21072,17562316.000000,194.000000,77.000000,372318.000000,0.252856,34.062305
training,21073,23584972.000000,160.000000,92.000000,226715.000000,0.153971,36.878593
training,21074,18000664.000000,181.000000,80.000000,382849.000000,0.260008,35.809536
training,21075,17108776.000000,164.000000,73.000000,320220.000000,0.217474,35.211967
training,21076,22135934.000000,158.000000,89.000000,230425.000000,0.156491,41.775040
training,21077,18483388.000000,168.000000,76.000000,341199.000000,0.231722,39.753952
training,21078,20774120.000000,236.000000,82.000000,275829.000000,0.187327,45.658592
training,21079,22115144.000000,177.000000,87.000000,261961.000000,0.177908,41.987778
training,21080,18236856.000000,147.000000,78.000000,328947.000000,0.223401,32.362370
training,21081,18985976.000000,174.000000,78.000000,353231.000000,0.239894,46.416321
training,21082,17330596.000000,158.000000,77.000000,357502.000000,0.242794,32.136448
training,21083,18177444.000000,206.000000,78.000000,381990.000000,0.259425,37.137249
training,21084,18019020.000000,157.000000,80.000000,312315.000000,0.212106,33.593506
training,21085,19647760.000000,153.000000,78.000000,276894.000000,0.188050,26.544352
training,21086,18937088.000000,177.000000,73.000000,269692.000000,0.183159,40.018879
training,21087,18826716.000000,202.000000,73.000000,272607.000000,0.185138,36.559071
training,21088,18830928.000000,181.000000,80.000000,321541.000000,0.218372,27.987040
training,21089,20247220.000000,163.000000,82.000000,253793.000000,0.172361,30.019903
training,21090,20015320.000000,193.000000,86.000000,322466.000000,0.219000,43.786625
training,21091,18652712.000000,228.000000,76.000000,380811.000000,0.258624,47.004478
training,21092,16980476.000000,151.000000,76.000000,351697.000000,0.238852,32.038143
training,21093,20598688.000000,153.000000,85.000000,327289.000000,0.222275,30.898752
training,21094,21637532.000000,161.000000,89.000000,323463.000000,0.219677,37.298431
training,21095,19824890.000000,176.000000,78.000000,246216.000000,0.167215,31.333023
training,21096,18292256.000000,176.000000,80.000000,376917.000000,0.255980,39.117889
training,21097,20977590.000000,162.000000,83.000000,247683.000000,0.168212,36.393696
training,21098,17691164.000000,151.000000,78.000000,325761.000000,0.221238,29.452065
training,21099,17916702.000000,158.000000,70.000000,281056.000000,0.190877,27.552864
training,21100,22231156.000000,177.000000,88.000000,273000.000000,0.185405,39.639553
training,21101,21532054.000000,172.000000,89.000000,242774.000000,0.164878,41.592224
training,21102,18052508.000000,187.000000,75.000000,372515.000000,0.252990,55.830879
training,21103,19629900.000000,163.000000,79.000000,290234.000000,0.197110,35.785023
training,21104,20220500.000000,163.000000,88.000000,318293.000000,0.216166,34.852417
training,21105,17853396.000000,142.000000,80.000000,353855.000000,0.240317,34.855202
training,21106,16648115.000000,157.000000,77.000000,344605.000000,0.234035,28.000288
training,21107,19644848.000000,157.000000,79.000000,236434.000000,0.160572,26.498177
training,21108,19009256.000000,195.000000,83.000000,379470.000000,0.257713,41.406017
training,21109,17899408.000000,175.000000,78.000000,349685.000000,0.237485,29.002209
training,21110,19057350.000000,181.000000,76.000000,271925.000000,0.184675,30.279585
training,21111,22037990.000000,201.000000,87.000000,280486.000000,0.190489,45.059616
training,21112,18336202.000000,169.000000,75.000000,344403.000000,0.233898,38.141888
training,21113,17919556.000000,172.000000,79.000000,350072.000000,0.237748,36.632511
training,21114,17918240.000000,164.000000,80.000000,334098.000000,0.226900,33.322975
training,21115,20273736.000000,193.000000,86.000000,250720.000000,0.170274,39.680416
training,21116,17730324.000000,210.000000,74.000000,391462.000000,0.265858,49.482048
training,21117,17109848.000000,163.000000,77.000000,342050.000000,0.232300,26.517536
training,21118,21811806.000000,161.000000,87.000000,244232.000000,0.165868,33.933121
training,21119,17793396.000000,155.000000,75.000000,312228.000000,0.212047,38.005215
training,21120,17073428.000000,174.000000,76.000000,360204.000000,0.244629,28.590368
training,21121,21796360.000000,202.000000,88.000000,323417.000000,0.219646,42.825951
training,21122,19611892.000000,181.000000,85.000000,304205.000000,0.206598,37.713024
training,21123,21412468.000000,196.000000,87.000000,323726.000000,0.219855,42.111649
training,21124,18042516.000000,168.000000,79.000000,336270.000000,0.228375,24.779425
training,21125,17324872.000000,159.000000,77.000000,334974.000000,0.227494,24.324064
training,21126,19119532.000000,152.000000,81.000000,319830.000000,0.217210,33.936577
training,21127,19333252.000000,215.000000,78.000000,294826.000000,0.200228,45.314590
training,21128,20329504.000000,219.000000,81.000000,281785.000000,0.191372,47.941216
training,21129,22783816.000000,145.000000,89.000000,238860.000000,0.162220,38.892673
training,21130,22414502.000000,180.000000,87.000000,234834.000000,0.159485,39.067905
training,21131,17770136.000000,155.000000,76.000000,334363.000000,0.227080,35.306561
training,21132,20731540.000000,204.000000,83.000000,272033.000000,0.184749,53.585888
training,21133,17930356.000000,197.000000,78.000000,387245.000000,0.262994,32.195713
training,21134,19550344.000000,155.000000,77.000000,265985.000000,0.180641,30.200319
training,21135,19621714.000000,178.000000,84.000000,301387.000000,0.204684,39.860703
training,21136,19423246.000000,228.000000,82.000000,297509.000000,0.202050,45.257313
training,21137,18647256.000000,163.000000,81.000000,309310.000000,0.210065,40.437824
training,21138,20513688.000000,229.000000,81.000000,278030.000000,0.188821,46.748798
training,21139,18454780.000000,171.000000,79.000000,324620.000000,0.220463,31.546911
training,21140,18454320.000000,160.000000,74.000000,299076.000000,0.203115,30.317663
training,21141,17942008.000000,160.000000,75.000000,312562.000000,0.212274,36.497120
training,21142,23607176.000000,171.000000,93.000000,224687.000000,0.152594,37.487457
training,21143,20561012.000000,152.000000,85.000000,328731.000000,0.223255,31.455809
training,21144,20316036.000000,197.000000,86.000000,321059.000000,0.218044,42.830559
training,21145,18320774.000000,151.000000,75.000000,295877.000000,0.200942,40.948223
training,21146,22594100.000000,227.000000,86.000000,237334.000000,0.161183,45.619999
training,21147,21061962.000000,195.000000,87.000000,323732.000000,0.219860,40.915234
training,21148,17158014.000000,174.000000,77.000000,351574.000000,0.238768,33.988831
training,21149,20944324.000000,188.000000,84.000000,270794.000000,0.183907,39.065697
training,21150,19360404.000000,167.000000,84.000000,376470.000000,0.255676,42.203808
training,21151,19477696.000000,177.000000,83.000000,322391.000000,0.218949,44.333313
training,21152,18608086.000000,220.000000,75.000000,375282.000000,0.254869,43.395008
training,21153,18650932.000000,184.000000,83.000000,307303.000000,0.208702,42.762527
training,21154,19208536.000000,151.000000,81.000000,338004.000000,0.229552,26.138720
training,21155,22446168.000000,183.000000,88.000000,267089.000000,0.181391,36.898655
training,21156,19652028.000000,178.000000,77.000000,262991.000000,0.178608,39.693985
training,21157,19853580.000000,229.000000,80.000000,263465.000000,0.178930,50.026497
training,21158,17757516.000000,146.000000,80.000000,335836.000000,0.228080,36.470783
training,21159,22001680.000000,168.000000,87.000000,263118.000000,0.178694,45.165440
training,21160,22431692.000000,175.000000,85.000000,235725.000000,0.160090,36.962112
training,21161,18296644.000000,231.000000,74.000000,377679.000000,0.256497,54.798782
training,21162,18776470.000000,188.000000,81.000000,308963.000000,0.209829,43.900288
training,21163,19199096.000000,208.000000,83.000000,359004.000000,0.243814,53.660416
training,21164,17489516.000000,155.000000,78.000000,314562.000000,0.213632,33.419041
training,21165,17939282.000000,161.000000,79.000000,355409.000000,0.241373,32.558208
training,21166,19367592.000000,191.000000,81.000000,328157.000000,0.222865,43.240929
training,21167,19765744.000000,192.000000,83.000000,304102.000000,0.206528,31.733152
training,21168,18526080.000000,160.000000,82.000000,334726.000000,0.227326,33.852322
training,21169,18524548.000000,177.000000,76.000000,306549.000000,0.208190,40.200256
training,21170,22025972.000000,229.000000,85.000000,255885.000000,0.173782,46.817570
training,21171,18639120.000000,222.000000,74.000000,357933.000000,0.243087,47.557568
training,21172,19356148.000000,195.000000,75.000000,266146.000000,0.180751,38.068127
training,21173,19684980.000000,178.000000,82.000000,312405.000000,0.212167,27.237312
training,21174,19114504.000000,160.000000,83.000000,338906.000000,0.230165,41.209023
training,21175,21058716.000000,161.000000,87.000000,323331.000000,0.219587,35.724449
training,21176,17820020.000000,157.000000,74.000000,313178.000000,0.212692,32.552994
training,21177,19790884.000000,155.000000,84.000000,311119.000000,0.211294,38.730816
training,21178,19719240.000000,167.000000,83.000000,346507.000000,0.235327,34.294239
training,21179,17305868.000000,164.000000,74.000000,324243.000000,0.220207,42.152863
training,21180,22666722.000000,156.000000,90.000000,227586.000000,0.154563,36.333920
training,21181,17989292.000000,148.000000,71.000000,277557.000000,0.188500,24.518368
training,21182,22539872.000000,177.000000,86.000000,230912.000000,0.156822,41.044128
training,21183,19927160.000000,189.000000,81.000000,266092.000000,0.180714,41.981216
training,21184,22612324.000000,218.000000,86.000000,243311.000000,0.165242,42.174911
training,21185,18513080.000000,157.000000,80.000000,316736.000000,0.215108,31.673409
training,21186,19565772.000000,159.000000,77.000000,277919.000000,0.188746,33.955616
training,21187,18457688.000000,167.000000,79.000000,332972.000000,0.226135,27.260000
training,21188,19291560.000000,199.000000,83.000000,350293.000000,0.237898,58.391617
training,21189,22570904.000000,158.000000,87.000000,241515.000000,0.164023,33.206272
training,21190,17764360.000000,151.000000,78.000000,317425.000000,0.215576,38.321342
training,21191,16686804.000000,148.000000,76.000000,369642.000000,0.251039,31.015360
training,21192,19914610.000000,191.000000,81.000000,274190.000000,0.186214,43.863071
training,21193,18483068.000000,167.000000,73.000000,288555.000000,0.195969,29.931744
training,21194,18682430.000000,231.000000,80.000000,380363.000000,0.258320,46.980991
training,21195,22220064.000000,178.000000,85.000000,227408.000000,0.154442,32.409855
training,21196,21935388.000000,205.000000,88.000000,316970.000000,0.215267,38.960194
training,21197,17968522.000000,177.000000,76.000000,337008.000000,0.228876,40.433922
training,21198,22612476.000000,160.000000,90.000000,233462.000000,0.158554,36.858658
training,21199,21248304.000000,167.000000,85.000000,247639.000000,0.168182,33.100128
training,21200,19480478.000000,168.000000,82.000000,309114.000000,0.209932,39.820160
training,21201,20966492.000000,147.000000,87.000000,329463.000000,0.223752,37.373730
training,21202,22671964.000000,247.000000,85.000000,238903.000000,0.162249,43.893215
training,21203,17485888.000000,142.000000,79.000000,336035.000000,0.228215,37.212513
training,21204,20003524.000000,164.000000,80.000000,236045.000000,0.160308,28.121792
training,21205,19116860.000000,192.000000,79.000000,332582.000000,0.225870,44.967297
training,21206,17741678.000000,159.000000,79.000000,387105.000000,0.262899,33.151840
training,21207,22738736.000000,175.000000,86.000000,235388.000000,0.159862,40.405472
training,21208,17539852.000000,218.000000,73.000000,396187.000000,0.269067,48.927425
training,21209,22953772.000000,156.000000,90.000000,231167.000000,0.156995,37.427456
training,21210,19469460.000000,204.000000,80.000000,267406.000000,0.181606,43.877407
training,21211,16761251.000000,154.000000,76.000000,339286.000000,0.230423,26.661184
training,21212,18372564.000000,225.000000,75.000000,372990.000000,0.253313,42.272190
training,21213,20666044.000000,158.000000,83.000000,250179.000000,0.169907,39.981342
training,21214,16708823.000000,201.000000,76.000000,364919.000000,0.247831,34.684383
training,21215,17223744.000000,193.000000,76.000000,365486.000000,0.248216,35.676704
training,21216,20454544.000000,161.000000,83.000000,251860.000000,0.171048,31.491585
training,21217,19652248.000000,164.000000,78.000000,256407.000000,0.174136,29.242496
training,21218,20816126.000000,192.000000,82.000000,254551.000000,0.172876,39.882786
training,21219,19511844.000000,187.000000,79.000000,307098.000000,0.208563,37.154751
training,21220,18173532.000000,150.000000,79.000000,324486.000000,0.220372,28.036736
training,21221,22476644.000000,189.000000,86.000000,232885.000000,0.158162,43.781761
training,21222,18331764.000000,173.000000,76.000000,343502.000000,0.233286,33.688866
training,21223,17705562.000000,177.000000,79.000000,385079.000000,0.261523,34.406914
training,21224,20199986.000000,156.000000,84.000000,328944.000000,0.223399,29.695456
training,21225,16477709.000000,192.000000,75.000000,362613.000000,0.246265,33.935200
training,21226,18852864.000000,158.000000,79.000000,338521.000000,0.229903,28.740160
training,21227,19858054.000000,173.000000,81.000000,258701.000000,0.175694,36.552769
training,21228,19307680.000000,172.000000,81.000000,314753.000000,0.213762,40.877697
training,21229,18724604.000000,170.000000,74.000000,293240.000000,0.199151,32.172897
training,21230,18597718.000000,155.000000,81.000000,353118.000000,0.239817,35.783520
training,21231,17724968.000000,159.000000,69.000000,279334.000000,0.189707,24.499071
training,21232,17260924.000000,173.000000,73.000000,385349.000000,0.261706,41.758785
training,21233,19228480.000000,157.000000,80.000000,338613.000000,0.229966,29.294847
training,21234,16880196.000000,145.000000,77.000000,376870.000000,0.255948,33.312897
training,21235,17850292.000000,144.000000,71.000000,286482.000000,0.194562,29.302849
training,21236,19012492.000000,154.000000,78.000000,314900.000000,0.213861,38.949726
training,21237,17441852.000000,173.000000,75.000000,325237.000000,0.220882,39.178082
training,21238,17822268.000000,151.000000,70.000000,281586.000000,0.191237,27.899712
training,21239,18669572.000000,196.000000,76.000000,329557.000000,0.223816,41.062977
training,21240,18979452.000000,161.000000,74.000000,289237.000000,0.196433,34.828800
training,21241,17842474.000000,158.000000,75.000000,314570.000000,0.213637,35.287582
training,21242,17602144.000000,146.000000,79.000000,338480.000000,0.229876,36.225887
training,21243,18852132.000000,171.000000,80.000000,307797.000000,0.209037,35.565121
training,21244,16956222.000000,163.000000,77.000000,323811.000000,0.219913,33.523552
training,21245,22030508.000000,209.000000,88.000000,303972.000000,0.206440,51.044159
training,21246,21980460.000000,162.000000,90.000000,236245.000000,0.160444,38.406338
training,21247,18006994.000000,176.000000,78.000000,341531.000000,0.231948,30.326559
training,21248,17414970.000000,180.000000,76.000000,354322.000000,0.240634,35.716705
training,21249,18058458.000000,154.000000,78.000000,323129.000000,0.219450,25.818913
training,21250,17779476.000000,178.000000,78.000000,350901.000000,0.238311,29.295328
training,21251,19607416.000000,162.000000,83.000000,317347.000000,0.215523,38.561600
training,21252,19179180.000000,229.000000,84.000000,303527.000000,0.206138,52.884960
training,21253,17430368.000000,154.000000,78.000000,382530.000000,0.259792,36.425823
training,21254,18992198.000000,180.000000,77.000000,308620.000000,0.209596,34.921410
training,21255,22180736.000000,152.000000,88.000000,243206.000000,0.165171,36.322975
training,21256,18516008.000000,175.000000,76.000000,337253.000000,0.229042,42.754658
training,21257,22963092.000000,216.000000,86.000000,239993.000000,0.162989,49.047104
training,21258,18382694.000000,235.000000,79.000000,383078.000000,0.260164,39.447071
training,21259,18834278.000000,191.000000,77.000000,319362.000000,0.216892,40.618816
training,21260,18225620.000000,184.000000,79.000000,343658.000000,0.233392,26.938816
training,21261,17762404.000000,163.000000,74.000000,311767.000000,0.211734,38.237984
training,21262,19585408.000000,202.000000,83.000000,265852.000000,0.180551,32.109280
training,21263,19696464.000000,146.000000,82.000000,337114.000000,0.228948,27.631136
training,21264,19362244.000000,184.000000,79.000000,345209.000000,0.234445,40.845570
training,21265,16995644.000000,157.000000,78.000000,385141.000000,0.261565,35.370434
training,21266,17986422.000000,170.000000,76.000000,330229.000000,0.224272,31.826912
training,21267,19681222.000000,152.000000,78.000000,279700.000000,0.189956,32.761215
training,21268,18115748.000000,154.000000,80.000000,353191.000000,0.239866,29.603136
training,21269,20002276.000000,148.000000,87.000000,330662.000000,0.224566,31.058271
training,21270,22117400.000000,186.000000,88.000000,255893.000000,0.173787,38.263744
training,21271,19867524.000000,179.000000,79.000000,249524.000000,0.169462,47.625694
training,21272,20627028.000000,165.000000,86.000000,330960.000000,0.224768,33.841888
training,21273,21174868.000000,190.000000,85.000000,275499.000000,0.187103,52.043743
training,21274,22369196.000000,218.000000,86.000000,251256.000000,0.170638,47.041889
training,21275,20146816.000000,165.000000,84.000000,328939.000000,0.223396,29.960417
training,21276,17722932.000000,156.000000,80.000000,335999.000000,0.228191,36.014687
training,21277,20739088.000000,203.000000,84.000000,272172.000000,0.184843,43.036545
training,21278,18807764.000000,168.000000,81.000000,308067.000000,0.209221,35.867039
training,21279,21088468.000000,169.000000,87.000000,323636.000000,0.219794,36.114975
training,21280,19204868.000000,154.000000,79.000000,312693.000000,0.212363,40.111969
training,21281,18627168.000000,161.000000,81.000000,309333.000000,0.210081,38.703102
training,21282,19223510.000000,231.000000,84.000000,303191.000000,0.205909,47.752094
training,21283,17261048.000000,155.000000,78.000000,314359.000000,0.213494,27.717184
training,21284,22030472.000000,155.000000,90.000000,236082.000000,0.160333,34.818783
training,21285,19502930.000000,206.000000,80.000000,266972.000000,0.181312,35.847935
training,21286,16440935.000000,199.000000,75.000000,361734.000000,0.245668,30.618464
training,21287,18413476.000000,228.000000,75.000000,375451.000000,0.254984,44.138977
training,21288,16925858.000000,160.000000,77.000000,323613.000000,0.219779,28.265633
training,21289,17454712.000000,179.000000,75.000000,324396.000000,0.220311,36.653278
training,21290,22167084.000000,210.000000,88.000000,289179.000000,0.196393,47.751362
training,21291,21353860.000000,201.000000,87.000000,323115.000000,0.219441,48.593441
training,21292,22705182.000000,158.000000,88.000000,235883.000000,0.160198,33.993793
training,21293,18985792.000000,159.000000,74.000000,288180.000000,0.195715,25.295361
training,21294,18015224.000000,163.000000,71.000000,286777.000000,0.194762,30.353600
training,21295,17774908.000000,163.000000,78.000000,350341.000000,0.237931,31.363104
training,21296,19530408.000000,174.000000,84.000000,300937.000000,0.204379,37.680096
training,21297,20516308.000000,147.000000,85.000000,327128.000000,0.222166,30.690880
training,21298,20579432.000000,164.000000,88.000000,238083.000000,0.161692,38.587170
training,21299,21514560.000000,166.000000,88.000000,322856.000000,0.219265,37.101856
training,21300,19700868.000000,147.000000,83.000000,302953.000000,0.205748,33.854591
training,21301,17395736.000000,177.000000,77.000000,356935.000000,0.242409,29.421280
training,21302,19384530.000000,175.000000,83.000000,359656.000000,0.244257,49.272511
training,21303,20836212.000000,157.000000,84.000000,249238.000000,0.169268,34.143169
training,21304,19566816.000000,196.000000,83.000000,265617.000000,0.180391,39.717026
training,21305,17171636.000000,169.000000,73.000000,384598.000000,0.261196,35.249634
training,21306,18012756.000000,175.000000,78.000000,340885.000000,0.231509,37.910080
training,21307,19612802.000000,158.000000,83.000000,316764.000000,0.215127,38.340672
training,21308,17781980.000000,146.000000,71.000000,285457.000000,0.193865,27.912256
training,21309,17847552.000000,161.000000,80.000000,333634.000000,0.226584,31.856447
training,21310,18538404.000000,156.000000,79.000000,316624.000000,0.215032,36.101536
training,21311,22588578.000000,161.000000,90.000000,233231.000000,0.158397,38.443424
training,21312,19437076.000000,172.000000,82.000000,322211.000000,0.218827,44.196224
training,21313,22537382.000000,237.000000,86.000000,233599.000000,0.158647,50.021217
training,21314,19401564.000000,185.000000,84.000000,303462.000000,0.206093,38.575809
training,21315,18620328.000000,190.000000,82.000000,307112.000000,0.208572,44.835136
training,21316,18474154.000000,170.000000,79.000000,332428.000000,0.225765,25.468416
training,21317,20947080.000000,148.000000,87.000000,329144.000000,0.223535,38.606209
training,21318,19929218.000000,190.000000,81.000000,273843.000000,0.185978,39.236031
training,21319,20208768.000000,166.000000,80.000000,240627.000000,0.163420,34.160095
training,21320,19241736.000000,154.000000,80.000000,338272.000000,0.229734,29.748735
training,21321,18810336.000000,197.000000,73.000000,273272.000000,0.185590,41.203648
training,21322,21992812.000000,210.000000,88.000000,316650.000000,0.215050,42.794880
training,21323,22322052.000000,178.000000,85.000000,234800.000000,0.159462,37.572384
training,21324,17732700.000000,156.000000,78.000000,316965.000000,0.215264,30.668736
training,21325,22050188.000000,208.000000,88.000000,303533.000000,0.206142,44.448673
training,21326,22703872.000000,145.000000,88.000000,238603.000000,0.162045,41.640255
training,21327,18063704.000000,220.000000,74.000000,378520.000000,0.257068,62.684223
training,21328,19542308.000000,185.000000,76.000000,262820.000000,0.178492,44.803520
training,21329,19357058.000000,171.000000,82.000000,314254.000000,0.213423,40.199776
training,21330,17760150.000000,154.000000,76.000000,333270.000000,0.226337,34.766495
training,21331,17942224.000000,192.000000,78.000000,386936.000000,0.262784,36.333118
training,21332,18880428.000000,176.000000,80.000000,321311.000000,0.218215,29.823360
training,21333,18430978.000000,169.000000,76.000000,339996.000000,0.230905,39.283134
training,21334,18252672.000000,146.000000,78.000000,328471.000000,0.223078,29.064512
training,21335,20629290.000000,165.000000,85.000000,330120.000000,0.224198,39.827488
training,21336,17713244.000000,198.000000,74.000000,380074.000000,0.258124,46.600319
training,21337,17685028.000000,149.000000,78.000000,325851.000000,0.221299,27.246529
training,21338,18009284.000000,158.000000,79.000000,317140.000000,0.215383,34.655296
training,21339,20301800.000000,163.000000,82.000000,253336.000000,0.172051,29.898785
training,21340,21555792.000000,163.000000,89.000000,242403.000000,0.164626,38.963936
training,21341,17381864.000000,222.000000,73.000000,397193.000000,0.269750,49.700226
training,21342,22074716.000000,175.000000,86.000000,262908.000000,0.178552,49.149696
training,21343,18484498.000000,172.000000,79.000000,318778.000000,0.216495,30.584864
training,21344,21143552.000000,178.000000,83.000000,251605.000000,0.170875,37.812576
training,21345,19812830.000000,186.000000,78.000000,249324.000000,0.169326,45.037086
training,21346,20336640.000000,193.000000,86.000000,250295.000000,0.169986,34.709183
training,21347,19282724.000000,167.000000,81.000000,302839.000000,0.205670,29.847008
training,21348,18231404.000000,177.000000,79.000000,343656.000000,0.233391,26.820704
training,21349,18492780.000000,157.000000,72.000000,287474.000000,0.195235,30.401024
training,21350,17983012.000000,152.000000,78.000000,323045.000000,0.219393,27.347616
training,21351,22470216.000000,173.000000,86.000000,235806.000000,0.160145,30.731552
training,21352,17387402.000000,161.000000,78.000000,382126.000000,0.259517,34.870209
training,21353,21808216.000000,167.000000,87.000000,243947.000000,0.165674,32.012672
training,21354,20569352.000000,155.000000,83.000000,249569.000000,0.169492,34.118656
training,21355,23404692.000000,164.000000,91.000000,226499.000000,0.153825,34.953281
training,21356,19186004.000000,215.000000,78.000000,294293.000000,0.199866,38.297855
training,21357,19132578.000000,190.000000,74.000000,265601.000000,0.180380,46.440289
training,21358,18934176.000000,192.000000,74.000000,266825.000000,0.181212,41.335072
training,21359,19645514.000000,151.000000,78.000000,279444.000000,0.189782,36.716160
training,21360,21992400.000000,203.000000,87.000000,280176.000000,0.190279,46.272671
training,21361,19190462.000000,148.000000,81.000000,337944.000000,0.229512,27.231392
training,21362,18624800.000000,152.000000,79.000000,314802.000000,0.213795,30.726976
training,21363,20792548.000000,164.000000,82.000000,246944.000000,0.167710,42.163586
training,21364,19111200.000000,171.000000,82.000000,338881.000000,0.230148,35.165825
training,21365,19458268.000000,156.000000,77.000000,261032.000000,0.177277,26.784033
training,21366,17165152.000000,194.000000,76.000000,364740.000000,0.247710,35.324062
training,21367,21908848.000000,221.000000,85.000000,256072.000000,0.173909,44.358047
training,21368,19683718.000000,186.000000,83.000000,304603.000000,0.206868,36.482849
training,21369,18270812.000000,222.000000,79.000000,383475.000000,0.260433,45.761024
training,21370,17704628.000000,155.000000,74.000000,313702.000000,0.213048,27.681824
training,21371,18584298.000000,210.000000,76.000000,328370.000000,0.223009,49.079903
training,21372,16575107.000000,148.000000,75.000000,369189.000000,0.250731,31.498465
training,21373,17448616.000000,151.000000,78.000000,337562.000000,0.229252,35.291775
training,21374,18508640.000000,163.000000,81.000000,352750.000000,0.239567,34.484257
training,21375,21928192.000000,176.000000,86.000000,271615.000000,0.184465,41.544670
training,21376,20166558.000000,163.000000,85.000000,341707.000000,0.232067,32.673183
training,21377,17540074.000000,212.000000,77.000000,372812.000000,0.253192,31.649504
training,21378,18619696.000000,160.000000,73.000000,292553.000000,0.198685,25.837248
training,21379,18098496.000000,151.000000,75.000000,295445.000000,0.200649,38.355042
training,21380,20658980.000000,190.000000,83.000000,270667.000000,0.183821,41.495838
training,21381,18872994.000000,158.000000,78.000000,315064.000000,0.213973,35.797920
training,21382,18000764.000000,174.000000,76.000000,330210.000000,0.224259,34.963104
training,21383,19966084.000000,191.000000,85.000000,240453.000000,0.163301,39.209057
training,21384,19306748.000000,168.000000,83.000000,376424.000000,0.255645,34.173153
training,21385,21015104.000000,161.000000,84.000000,247348.000000,0.167984,38.228382
training,21386,17678690.000000,143.000000,73.000000,312703.000000,0.212369,27.442465
training,21387,18092026.000000,154.000000,79.000000,324510.000000,0.220388,24.107552
training,21388,20068552.000000,197.000000,85.000000,320998.000000,0.218003,37.272705
training,21389,18925400.000000,179.000000,73.000000,270010.000000,0.183375,41.082081
training,21390,19133278.000000,198.000000,83.000000,358740.000000,0.243635,57.256126
training,21391,17397372.000000,169.000000,74.000000,324991.000000,0.220715,31.078880
training,21392,18373232.000000,174.000000,76.000000,344068.000000,0.233671,40.718273
training,21393,22236670.000000,182.000000,86.000000,227514.000000,0.154514,34.893185
training,21394,18646846.000000,146.000000,80.000000,339050.000000,0.230263,26.869856
training,21395,17242636.000000,166.000000,76.000000,357003.000000,0.242455,30.006111
training,21396,22063786.000000,206.000000,87.000000,295147.000000,0.200446,42.580257
training,21397,18213912.000000,199.000000,78.000000,391373.000000,0.265797,36.261951
training,21398,19116312.000000,151.000000,75.000000,290278.000000,0.197140,25.940767
training,21399,22598216.000000,155.000000,87.000000,241337.000000,0.163902,37.153057
training,21400,19167412.000000,205.000000,83.000000,349459.000000,0.237332,44.521538
training,21401,17390084.000000,175.000000,75.000000,354153.000000,0.240520,35.340511
training,21402,22457960.000000,221.000000,85.000000,236717.000000,0.160764,46.813793
training,21403,18422512.000000,167.000000,72.000000,286275.000000,0.194421,31.735872
training,21404,17061776.000000,163.000000,72.000000,319717.000000,0.217133,32.378754
training,21405,18112956.000000,236.000000,74.000000,378115.000000,0.256793,46.508736
training,21406,20708016.000000,186.000000,82.000000,254222.000000,0.172652,40.522720
training,21407,18607448.000000,185.000000,80.000000,309486.000000,0.210185,42.517982
training,21408,22659228.000000,173.000000,85.000000,235065.000000,0.159642,45.378880
training,21409,18851632.000000,186.000000,77.000000,352280.000000,0.239248,45.306175
training,21410,17988374.000000,152.000000,78.000000,336269.000000,0.228374,28.189920
training,21411,18352296.000000,226.000000,74.000000,372747.000000,0.253148,44.472576
training,21412,22146024.000000,222.000000,85.000000,249842.000000,0.169678,50.401569
training,21413,18577826.000000,236.000000,80.000000,379507.000000,0.257739,37.306751
training,21414,19784158.000000,193.000000,84.000000,321581.000000,0.218399,45.876255
training,21415,17727566.000000,160.000000,74.000000,311358.000000,0.211456,33.002434
training,21416,19029920.000000,151.000000,80.000000,319469.000000,0.216964,34.671616
training,21417,20321892.000000,232.000000,80.000000,277301.000000,0.188326,39.472641
training,21418,18571116.000000,234.000000,75.000000,380024.000000,0.258090,41.817921
training,21419,16659649.000000,194.000000,76.000000,364373.000000,0.247461,35.561855
training,21420,19870188.000000,159.000000,80.000000,235735.000000,0.160097,30.462112
training,21421,19487336.000000,153.000000,78.000000,276549.000000,0.187816,37.441055
training,21422,17657788.000000,165.000000,69.000000,278570.000000,0.189188,26.061855
training,21423,19379724.000000,163.000000,78.000000,289661.000000,0.196721,26.735424
training,21424,19232568.000000,184.000000,80.000000,327483.000000,0.222407,39.311840
training,21425,20840700.000000,203.000000,86.000000,323076.000000,0.219414,50.851841
training,21426,20221102.000000,155.000000,86.000000,320976.000000,0.217988,39.682720
training,21427,22814578.000000,202.000000,85.000000,239333.000000,0.162541,41.893055
training,21428,22473088.000000,221.000000,84.000000,243209.000000,0.165173,44.790146
training,21429,16881066.000000,152.000000,76.000000,350879.000000,0.238296,32.968895
training,21430,17502324.000000,151.000000,78.000000,326395.000000,0.221668,34.676449
training,21431,19183892.000000,178.000000,82.000000,355411.000000,0.241374,39.301823
training,21432,22248068.000000,177.000000,85.000000,230769.000000,0.156725,35.305920
training,21433,18146576.000000,159.000000,79.000000,318343.000000,0.216200,34.016384
training,21434,21565876.000000,197.000000,88.000000,322638.000000,0.219117,46.262402
training,21435,18605520.000000,225.000000,74.000000,357747.000000,0.242961,44.526112
training,21436,17857844.000000,143.000000,70.000000,277388.000000,0.188385,24.482016
training,21437,20105508.000000,160.000000,87.000000,318003.000000,0.215969,35.290497
training,21438,19496068.000000,171.000000,82.000000,309192.000000,0.209985,38.334911
training,21439,19852332.000000,176.000000,83.000000,327625.000000,0.222503,27.907200
training,21440,20842200.000000,191.000000,84.000000,274490.000000,0.186417,46.186302
training,21441,19640304.000000,173.000000,83.000000,346063.000000,0.235025,30.914305
training,21442,19762248.000000,183.000000,80.000000,266094.000000,0.180715,31.948608
training,21443,17130646.000000,174.000000,77.000000,351552.000000,0.238753,37.266750
training,21444,16656044.000000,154.000000,76.000000,344816.000000,0.234179,26.399040
training,21445,18381878.000000,167.000000,73.000000,298728.000000,0.202878,33.481407
training,21446,17720608.000000,204.000000,74.000000,391040.000000,0.265571,56.028416
training,21447,20014098.000000,143.000000,82.000000,330354.000000,0.224357,29.321440
training,21448,18060108.000000,150.000000,80.000000,352562.000000,0.239439,29.678080
training,21449,17386630.000000,141.000000,78.000000,335577.000000,0.227904,34.625568
training,21450,18436392.000000,188.000000,76.000000,306811.000000,0.208368,37.426018
training,21451,21905824.000000,145.000000,86.000000,242771.000000,0.164876,35.349442
training,21452,18483924.000000,176.000000,76.000000,336452.000000,0.228498,34.611198
training,21453,17868370.000000,173.000000,78.000000,349922.000000,0.237646,26.796831
training,21454,20174060.000000,217.000000,81.000000,280350.000000,0.190397,41.480000
training,21455,16428131.000000,192.000000,75.000000,356497.000000,0.242112,31.963585
training,21456,17890168.000000,157.000000,70.000000,280932.000000,0.190792,28.707232
training,21457,19524464.000000,181.000000,79.000000,306579.000000,0.208210,35.252705
training,21458,18422434.000000,231.000000,75.000000,334119.000000,0.226914,49.995167
training,21459,17690108.000000,158.000000,78.000000,340288.000000,0.231103,29.548384
training,21460,18888320.000000,163.000000,80.000000,338164.000000,0.229661,27.803583
training,21461,21867586.000000,179.000000,86.000000,254728.000000,0.172996,38.444962
training,21462,17731762.000000,154.000000,79.000000,386193.000000,0.262279,35.420544
training,21463,18907492.000000,186.000000,82.000000,378865.000000,0.257303,38.291393
training,21464,17924006.000000,170.000000,74.000000,312060.000000,0.211933,34.718369
training,21465,19615416.000000,159.000000,77.000000,277762.000000,0.188639,36.997826
training,21466,19146172.000000,191.000000,79.000000,332609.000000,0.225888,34.079041
training,21467,17950004.000000,174.000000,78.000000,349521.000000,0.237374,31.822592
training,21468,19628620.000000,180.000000,77.000000,255976.000000,0.173844,29.728992
training,21469,18434900.000000,178.000000,78.000000,323963.000000,0.220016,33.375458
training,21470,19576106.000000,189.000000,82.000000,312351.000000,0.212130,27.955904
training,21471,19529132.000000,159.000000,78.000000,236475.000000,0.160600,30.026367
training,21472,18927012.000000,163.000000,75.000000,271908.000000,0.184664,29.990591
training,21473,19794674.000000,174.000000,81.000000,258825.000000,0.175779,31.838881
training,21474,17846342.000000,152.000000,79.000000,311724.000000,0.211704,37.856735
training,21475,17973538.000000,173.000000,76.000000,336910.000000,0.228809,44.375393
training,21476,19649730.000000,176.000000,78.000000,246067.000000,0.167114,30.136160
training,21477,17843396.000000,184.000000,74.000000,371443.000000,0.252262,44.974689
training,21478,18075084.000000,175.000000,79.000000,375570.000000,0.255065,34.294369
training,21479,19609976.000000,156.000000,83.000000,310348.000000,0.210770,38.878464
training,21480,17012284.000000,156.000000,77.000000,341654.000000,0.232031,30.184481
training,21481,18900492.000000,183.000000,76.000000,307072.000000,0.208545,39.341438
training,21482,17836378.000000,162.000000,79.000000,354746.000000,0.240922,30.057600
training,21483,17667272.000000,158.000000,70.000000,281009.000000,0.190845,27.951391
training,21484,18137280.000000,195.000000,78.000000,381055.000000,0.258790,38.755135
training,21485,20592240.000000,229.000000,81.000000,275442.000000,0.187064,40.621311
training,21486,22204684.000000,180.000000,87.000000,267264.000000,0.181510,40.999138
training,21487,17658466.000000,140.000000,79.000000,352843.000000,0.239630,34.267681
training,21488,16889480.000000,155.000000,77.000000,384535.000000,0.261153,34.949570
training,21489,22478016.000000,244.000000,85.000000,238752.000000,0.162146,43.364353
training,21490,20382704.000000,162.000000,83.000000,251914.000000,0.171085,31.149696
training,21491,16934372.000000,189.000000,72.000000,388892.000000,0.264112,47.200161
training,21492,17177346.000000,169.000000,74.000000,324181.000000,0.220165,41.214176
training,21493,19589566.000000,213.000000,80.000000,318437.000000,0.216264,36.829952
training,21494,20323880.000000,166.000000,87.000000,235481.000000,0.159925,38.026337
training,21495,21983912.000000,178.000000,84.000000,234603.000000,0.159328,34.801247
training,21496,20417218.000000,155.000000,84.000000,327840.000000,0.222649,32.673183
training,21497,19843596.000000,143.000000,86.000000,329857.000000,0.224019,42.733536
training,21498,19413452.000000,229.000000,82.000000,297226.000000,0.201858,45.229729
training,21499,21840996.000000,173.000000,86.000000,261035.000000,0.177279,40.241920
training,21500,22041848.000000,184.000000,86.000000,270677.000000,0.183828,42.085728
training,21501,23232756.000000,167.000000,91.000000,224161.000000,0.152237,33.133022
training,21502,22720108.000000,158.000000,89.000000,230774.000000,0.156728,38.594398
training,21503,20225196.000000,223.000000,80.000000,281187.000000,0.190966,51.369503
training,21504,16721613.000000,144.000000,76.000000,375810.000000,0.255228,32.492481
training,21505,18760972.000000,194.000000,76.000000,318136.000000,0.216059,41.212418
training,21506,19519220.000000,145.000000,82.000000,315147.000000,0.214029,30.045952
training,21507,18035278.000000,144.000000,77.000000,334817.000000,0.227388,28.479263
training,21508,22360652.000000,193.000000,86.000000,232454.000000,0.157869,32.440063
training,21509,17596144.000000,175.000000,78.000000,383704.000000,0.260589,32.888447
training,21510,19104876.000000,190.000000,78.000000,344462.000000,0.233938,44.213570
training,21511,18680448.000000,162.000000,74.000000,297818.000000,0.202260,30.200001
training,21512,18269552.000000,167.000000,75.000000,343249.000000,0.233114,46.021599
training,21513,19666980.000000,189.000000,77.000000,257466.000000,0.174856,44.411201
training,21514,16717481.000000,151.000000,76.000000,337789.000000,0.229406,24.414433
training,21515,19455746.000000,158.000000,77.000000,265535.000000,0.180336,30.686369
training,21516,22064118.000000,161.000000,90.000000,229885.000000,0.156124,35.645535
training,21517,19451788.000000,235.000000,79.000000,301862.000000,0.205007,41.357311
training,21518,16958976.000000,175.000000,76.000000,359342.000000,0.244044,29.675713
training,21519,22582236.000000,157.000000,91.000000,227455.000000,0.154474,37.992863
training,21520,18366956.000000,172.000000,81.000000,334003.000000,0.226835,35.808289
training,21521,17511342.000000,221.000000,73.000000,395002.000000,0.268262,56.400578
training,21522,17681872.000000,156.000000,74.000000,310939.000000,0.211171,32.414047
training,21523,17940798.000000,185.000000,79.000000,381409.000000,0.259030,32.106369
training,21524,17245964.000000,162.000000,76.000000,333783.000000,0.226686,26.792160
training,21525,19654852.000000,147.000000,82.000000,336170.000000,0.228307,29.659519
training,21526,18100438.000000,139.000000,72.000000,284876.000000,0.193471,24.837952
training,21527,18199024.000000,156.000000,79.000000,332645.000000,0.225913,23.300991
training,21528,18023092.000000,160.000000,75.000000,355407.000000,0.241371,45.163872
training,21529,19663340.000000,234.000000,79.000000,262989.000000,0.178607,50.518497
training,21530,19547160.000000,148.000000,83.000000,302445.000000,0.205403,35.532352
training,21531,17420240.000000,152.000000,78.000000,336975.000000,0.228853,33.980095
training,21532,21925710.000000,168.000000,86.000000,262754.000000,0.178447,43.522720
training,21533,17928908.000000,164.000000,70.000000,286144.000000,0.194332,30.322592
training,21534,19098492.000000,172.000000,82.000000,354147.000000,0.240516,33.359936
training,21535,17604196.000000,150.000000,79.000000,334629.000000,0.227260,35.747040
training,21536,17875288.000000,215.000000,73.000000,377154.000000,0.256141,52.977791
training,21537,17884332.000000,173.000000,77.000000,340707.000000,0.231388,36.743359
training,21538,19400080.000000,198.000000,82.000000,265760.000000,0.180488,37.420033
training,21539,20676662.000000,187.000000,83.000000,270597.000000,0.183773,49.708607
training,21540,19820008.000000,192.000000,85.000000,321149.000000,0.218105,37.975742
training,21541,21761126.000000,160.000000,89.000000,235969.000000,0.160256,40.152607
training,21542,22244204.000000,180.000000,87.000000,270331.000000,0.183593,40.011040
training,21543,17811700.000000,168.000000,77.000000,348708.000000,0.236822,29.205536
training,21544,17849936.000000,189.000000,74.000000,370336.000000,0.251510,48.871010
training,21545,20308428.000000,156.000000,82.000000,251480.000000,0.170790,33.579937
training,21546,19560360.000000,177.000000,81.000000,312214.000000,0.212037,32.116352
training,21547,17777660.000000,145.000000,70.000000,285225.000000,0.193708,28.434113
training,21548,17695946.000000,144.000000,79.000000,352093.000000,0.239121,32.533920
training,21549,19019334.000000,145.000000,80.000000,319005.000000,0.216649,30.694176
training,21550,20306032.000000,235.000000,80.000000,277690.000000,0.188591,43.648289
training,21551,16570115.000000,159.000000,76.000000,343452.000000,0.233252,26.932352
training,21552,16317414.000000,190.000000,74.000000,356222.000000,0.241925,36.698177
training,21553,19506428.000000,168.000000,82.000000,316244.000000,0.214774,42.237537
training,21554,19213374.000000,169.000000,81.000000,302438.000000,0.205398,35.282303
training,21555,22085502.000000,207.000000,87.000000,294326.000000,0.199889,48.377407
training,21556,18364848.000000,223.000000,75.000000,333586.000000,0.226552,37.804672
training,21557,20193922.000000,153.000000,84.000000,328059.000000,0.222798,41.384129
training,21558,20938144.000000,170.000000,83.000000,251397.000000,0.170734,34.006496
training,21559,17769972.000000,153.000000,75.000000,311276.000000,0.211400,36.367294
training,21560,17396620.000000,221.000000,73.000000,396877.000000,0.269535,46.591103
training,21561,22623782.000000,178.000000,86.000000,235180.000000,0.159720,42.800640
training,21562,17512052.000000,183.000000,75.000000,323750.000000,0.219872,39.763454
training,21563,19674584.000000,149.000000,82.000000,336177.000000,0.228311,29.630688
training,21564,20219496.000000,188.000000,85.000000,250236.000000,0.169945,41.035679
training,21565,19684888.000000,192.000000,83.000000,303637.000000,0.206212,37.468704
training,21566,21397148.000000,155.000000,88.000000,322454.000000,0.218992,38.041985
training,21567,20467978.000000,144.000000,84.000000,325937.000000,0.221357,31.038849
training,21568,16955348.000000,194.000000,72.000000,388224.000000,0.263659,38.399487
training,21569,17790744.000000,150.000000,74.000000,313206.000000,0.212711,35.401985
training,21570,19778308.000000,188.000000,80.000000,272874.000000,0.185320,45.766239
training,21571,18507496.000000,190.000000,81.000000,306574.000000,0.208207,39.724545
training,21572,18181302.000000,152.000000,79.000000,323978.000000,0.220027,23.401825
training,21573,22406444.000000,147.000000,87.000000,241301.000000,0.163877,36.072575
training,21574,22014334.000000,176.000000,86.000000,260500.000000,0.176916,43.770561
training,21575,19293174.000000,178.000000,81.000000,321400.000000,0.218276,41.621536
training,21576,17673556.000000,156.000000,78.000000,385632.000000,0.261898,30.385759
training,21577,19273212.000000,168.000000,83.000000,375425.000000,0.254966,38.868000
training,21578,20571976.000000,228.000000,81.000000,274489.000000,0.186417,42.357506
training,21579,17495460.000000,150.000000,78.000000,325818.000000,0.221276,38.643105
training,21580,16974786.000000,160.000000,72.000000,319074.000000,0.216696,36.685886
training,21581,19289416.000000,162.000000,76.000000,265144.000000,0.180070,31.586111
training,21582,19466852.000000,180.000000,77.000000,257078.000000,0.174592,35.883102
training,21583,19328420.000000,203.000000,79.000000,267004.000000,0.181333,38.706657
training,21584,21825156.000000,208.000000,88.000000,315649.000000,0.214370,44.611298
training,21585,17938992.000000,152.000000,78.000000,322219.000000,0.218832,25.885696
training,21586,18779282.000000,177.000000,80.000000,320762.000000,0.217843,28.468128
training,21587,17858936.000000,189.000000,77.000000,386133.000000,0.262239,35.285439
training,21588,21877564.000000,205.000000,86.000000,279734.000000,0.189979,47.031265
training,21589,19063144.000000,205.000000,82.000000,357568.000000,0.242839,34.002529
training,21590,19400700.000000,164.000000,78.000000,289302.000000,0.196477,30.065632
training,21591,17260620.000000,168.000000,73.000000,384307.000000,0.260999,46.828991
training,21592,22059056.000000,179.000000,84.000000,234561.000000,0.159300,31.171392
training,21593,19981808.000000,164.000000,79.000000,240383.000000,0.163254,35.019424
training,21594,18599454.000000,151.000000,79.000000,314287.000000,0.213445,33.082817
training,21595,19163812.000000,199.000000,80.000000,326851.000000,0.221978,45.099617
training,21596,20821724.000000,207.000000,85.000000,322838.000000,0.219252,43.969696
training,21597,20399204.000000,154.000000,84.000000,327127.000000,0.222165,29.747969
training,21598,16990096.000000,170.000000,76.000000,359343.000000,0.244044,28.239008
training,21599,18475326.000000,226.000000,75.000000,379818.000000,0.257950,46.564831
training,21600,22090024.000000,185.000000,86.000000,227272.000000,0.154350,39.396065
training,21601,17879202.000000,146.000000,70.000000,276958.000000,0.188093,26.645792
training,21602,17345440.000000,175.000000,76.000000,353754.000000,0.240249,37.971870
training,21603,18424656.000000,167.000000,72.000000,287174.000000,0.195032,25.917568
training,21604,18302222.000000,223.000000,74.000000,372151.000000,0.252743,43.396351
training,21605,16660254.000000,193.000000,75.000000,363712.000000,0.247012,29.786495
training,21606,19654672.000000,181.000000,78.000000,249271.000000,0.169290,42.909439
training,21607,18339420.000000,180.000000,76.000000,342732.000000,0.232763,39.139713
training,21608,18509944.000000,162.000000,80.000000,308292.000000,0.209374,33.802078
training,21609,18118422.000000,234.000000,74.000000,377139.000000,0.256130,42.552319
training,21610,17049894.000000,175.000000,77.000000,350869.000000,0.238289,38.312160
training,21611,17263216.000000,158.000000,76.000000,356379.000000,0.242031,30.801151
training,21612,18619976.000000,196.000000,75.000000,327459.000000,0.222391,39.244736
training,21613,16842670.000000,160.000000,76.000000,350379.000000,0.237957,28.151936
training,21614,18239456.000000,202.000000,78.000000,390136.000000,0.264957,40.679424
training,21615,18381170.000000,160.000000,73.000000,297724.000000,0.202196,30.257088
training,21616,16965564.000000,154.000000,77.000000,384223.000000,0.260941,31.292192
training,21617,19148976.000000,206.000000,83.000000,348305.000000,0.236548,34.441566
training,21618,19552816.000000,174.000000,84.000000,300229.000000,0.203898,38.544254
training,21619,18694744.000000,191.000000,73.000000,272553.000000,0.185102,33.427105
training,21620,19502686.000000,174.000000,79.000000,305391.000000,0.207403,35.410976
training,21621,17360132.000000,163.000000,76.000000,356039.000000,0.241801,30.295776
training,21622,19026136.000000,158.000000,78.000000,313538.000000,0.212936,36.208385
training,21623,20695464.000000,176.000000,82.000000,254394.000000,0.172769,34.721920
training,21624,20129252.000000,209.000000,85.000000,320669.000000,0.217779,46.229408
training,21625,18485680.000000,180.000000,76.000000,334874.000000,0.227427,39.761600
training,21626,17590430.000000,204.000000,77.000000,371237.000000,0.252122,33.054878
training,21627,19783592.000000,182.000000,80.000000,265686.000000,0.180438,37.663681
training,21628,19811956.000000,157.000000,79.000000,235448.000000,0.159902,31.473921
training,21629,21767160.000000,160.000000,88.000000,229596.000000,0.155928,35.744225
training,21630,21227582.000000,205.000000,87.000000,322657.000000,0.219129,49.417984
training,21631,17748584.000000,171.000000,74.000000,310952.000000,0.211180,38.281216
training,21632,18532312.000000,152.000000,79.000000,316135.000000,0.214700,30.634464
training,21633,18839662.000000,168.000000,76.000000,305623.000000,0.207561,34.024734
training,21634,16430206.000000,191.000000,75.000000,360835.000000,0.245058,34.084671
training,21635,19504070.000000,151.000000,77.000000,277290.000000,0.188319,29.519520
training,21636,20098524.000000,172.000000,87.000000,317479.000000,0.215613,38.751518
training,21637,16792988.000000,154.000000,76.000000,337882.000000,0.229469,27.294144
training,21638,18157868.000000,152.000000,79.000000,317011.000000,0.215295,27.583200
training,21639,19086624.000000,154.000000,75.000000,289954.000000,0.196920,25.611839
training,21640,18364940.000000,171.000000,79.000000,331884.000000,0.225396,25.786528
training,21641,17647864.000000,161.000000,69.000000,278325.000000,0.189022,28.435104
training,21642,17697988.000000,162.000000,78.000000,349786.000000,0.237554,28.568192
training,21643,21860652.000000,186.000000,86.000000,254548.000000,0.172874,37.811905
training,21644,18730200.000000,154.000000,79.000000,336857.000000,0.228773,34.567265
training,21645,17327844.000000,147.000000,78.000000,381273.000000,0.258938,31.435776
training,21646,18834012.000000,180.000000,82.000000,378183.000000,0.256839,42.133183
training,21647,18501224.000000,150.000000,81.000000,352201.000000,0.239194,34.099682
training,21648,19375296.000000,155.000000,77.000000,235895.000000,0.160206,32.830753
training,21649,19384708.000000,185.000000,76.000000,261987.000000,0.177926,29.788992
training,21650,19916392.000000,192.000000,84.000000,240381.000000,0.163253,40.001759
training,21651,17619646.000000,192.000000,73.000000,379074.000000,0.257445,43.033985
training,21652,20063996.000000,165.000000,82.000000,253156.000000,0.171929,36.101440
training,21653,17680444.000000,148.000000,74.000000,312031.000000,0.211913,31.207392
training,21654,22479138.000000,250.000000,85.000000,238716.000000,0.162122,43.604801
training,21655,19289562.000000,186.000000,84.000000,302796.000000,0.205641,36.036671
training,21656,22029988.000000,211.000000,87.000000,288428.000000,0.195883,45.177952
training,21657,17238386.000000,181.000000,76.000000,363491.000000,0.246862,32.885471
training,21658,17624574.000000,167.000000,78.000000,383407.000000,0.260387,32.623550
training,21659,19092856.000000,155.000000,79.000000,337060.000000,0.228911,26.916161
training,21660,21816488.000000,202.000000,87.000000,303200.000000,0.205915,46.117664
training,21661,18449484.000000,162.000000,72.000000,285817.000000,0.194110,30.282751
training,21662,18550964.000000,182.000000,80.000000,307516.000000,0.208847,38.649151
training,21663,17618542.000000,146.000000,77.000000,324421.000000,0.220327,27.085312
training,21664,19118370.000000,210.000000,77.000000,293149.000000,0.199089,45.454689
training,21665,19472398.000000,152.000000,78.000000,275635.000000,0.187195,29.482689
training,21666,18442488.000000,164.000000,81.000000,333776.000000,0.226681,35.507072
training,21667,19675844.000000,239.000000,79.000000,263390.000000,0.178879,47.778210
training,21668,20478028.000000,159.000000,82.000000,249666.000000,0.169558,34.483425
training,21669,18291666.000000,167.000000,76.000000,339781.000000,0.230759,38.823135
training,21670,17177464.000000,166.000000,73.000000,323157.000000,0.219469,34.501663
training,21671,22145536.000000,234.000000,85.000000,233576.000000,0.158631,46.175297
training,21672,18532512.000000,214.000000,79.000000,377948.000000,0.256680,36.523071
training,21673,18938824.000000,188.000000,74.000000,266263.000000,0.180830,36.464737
training,21674,21975040.000000,226.000000,84.000000,250582.000000,0.170180,42.115040
training,21675,19564396.000000,177.000000,82.000000,326240.000000,0.221563,27.510656
training,21676,17840798.000000,151.000000,78.000000,317098.000000,0.215354,34.913952
training,21677,22508394.000000,212.000000,85.000000,239572.000000,0.162703,40.815903
training,21678,18569372.000000,161.000000,73.000000,297060.000000,0.201746,35.068768
training,21679,18925246.000000,184.000000,78.000000,331055.000000,0.224833,40.079967
training,21680,17869628.000000,152.000000,79.000000,311616.000000,0.211631,31.406336
training,21681,18651952.000000,188.000000,75.000000,317803.000000,0.215833,32.897758
training,21682,20813060.000000,191.000000,83.000000,274980.000000,0.186750,51.537922
training,21683,18077752.000000,174.000000,79.000000,342585.000000,0.232663,29.535583
training,21684,17756786.000000,146.000000,69.000000,280107.000000,0.190232,27.869951
training,21685,17190788.000000,155.000000,77.000000,314004.000000,0.213253,34.577919
training,21686,18734146.000000,176.000000,73.000000,269065.000000,0.182733,40.253281
training,21687,17793960.000000,162.000000,78.000000,353853.000000,0.240316,25.459583
training,21688,18434408.000000,218.000000,74.000000,356852.000000,0.242353,54.432129
training,21689,19741644.000000,149.000000,86.000000,328958.000000,0.223409,39.580929
training,21690,17420044.000000,215.000000,73.000000,395215.000000,0.268407,49.053696
training,21691,20988486.000000,158.000000,85.000000,247485.000000,0.168077,33.558048
training,21692,18196828.000000,149.000000,78.000000,327624.000000,0.222503,33.531586
training,21693,19498012.000000,168.000000,77.000000,254917.000000,0.173125,29.107616
training,21694,19367664.000000,231.000000,78.000000,300818.000000,0.204298,45.679745
training,21695,17744596.000000,177.000000,78.000000,349160.000000,0.237129,32.848129
training,21696,20614272.000000,152.000000,83.000000,248964.000000,0.169082,29.503296
training,21697,19001684.000000,163.000000,82.000000,337500.000000,0.229210,37.341984
training,21698,22353596.000000,161.000000,88.000000,235407.000000,0.159874,38.857407
training,21699,19076356.000000,227.000000,83.000000,302427.000000,0.205390,43.158367
training,21700,19875128.000000,143.000000,82.000000,329255.000000,0.223610,29.105791
training,21701,20103766.000000,221.000000,80.000000,280917.000000,0.190782,46.222305
training,21702,19080884.000000,157.000000,80.000000,336834.000000,0.228758,27.409664
training,21703,18762504.000000,181.000000,77.000000,350208.000000,0.237840,32.186752
training,21704,21613988.000000,162.000000,86.000000,243608.000000,0.165444,38.553055
training,21705,23146072.000000,165.000000,91.000000,224243.000000,0.152293,32.365089
training,21706,18110740.000000,147.000000,75.000000,292381.000000,0.198568,34.385090
training,21707,19471636.000000,153.000000,77.000000,277337.000000,0.188351,32.170944
training,21708,22281628.000000,161.000000,89.000000,233119.000000,0.158321,38.238239
training,21709,18974082.000000,158.000000,78.000000,309942.000000,0.210494,28.967297
training,21710,23043196.000000,158.000000,90.000000,226431.000000,0.153778,35.270401
training,21711,22146320.000000,231.000000,85.000000,236979.000000,0.160942,42.653152
training,21712,18068388.000000,145.000000,71.000000,283670.000000,0.192652,24.346657
training,21713,20343028.000000,164.000000,87.000000,237751.000000,0.161466,32.358273
training,21714,17009348.000000,158.000000,76.000000,340700.000000,0.231383,29.841856
training,21715,20067764.000000,215.000000,80.000000,280054.000000,0.190196,49.574528
training,21716,19682486.000000,171.000000,80.000000,258460.000000,0.175531,34.317600
training,21717,19031534.000000,194.000000,74.000000,264641.000000,0.179728,36.196255
training,21718,18598640.000000,160.000000,73.000000,291606.000000,0.198041,30.424671
training,21719,18197266.000000,238.000000,79.000000,381667.000000,0.259206,45.926689
training,21720,19547668.000000,152.000000,82.000000,309959.000000,0.210506,37.602242
training,21721,19474608.000000,171.000000,83.000000,344763.000000,0.234143,30.442528
training,21722,18124252.000000,154.000000,78.000000,332703.000000,0.225952,25.173664
training,21723,20391392.000000,208.000000,82.000000,271226.000000,0.184201,45.692833
training,21724,19270844.000000,173.000000,83.000000,358190.000000,0.243261,31.916832
training,21725,18132616.000000,168.000000,74.000000,342728.000000,0.232761,38.601215
training,21726,17202448.000000,155.000000,76.000000,333776.000000,0.226681,27.350336
training,21727,17455888.000000,155.000000,77.000000,339239.000000,0.230391,29.322369
training,21728,18125036.000000,207.000000,78.000000,380181.000000,0.258196,37.427967
training,21729,19449354.000000,141.000000,82.000000,314507.000000,0.213594,33.443359
training,21730,21938100.000000,174.000000,83.000000,230991.000000,0.156875,42.079361
training,21731,17380450.000000,170.000000,74.000000,323601.000000,0.219771,38.677025
training,21732,17287942.000000,145.000000,78.000000,334734.000000,0.227331,36.566143
training,21733,18048080.000000,164.000000,79.000000,375027.000000,0.254696,38.835968
training,21734,18222646.000000,176.000000,76.000000,304837.000000,0.207027,37.719486
training,21735,20629048.000000,159.000000,82.000000,246909.000000,0.167686,36.698463
training,21736,18609924.000000,148.000000,79.000000,337779.000000,0.229399,25.118431
training,21737,19443500.000000,167.000000,82.000000,308572.000000,0.209564,37.942978
training,21738,18400964.000000,225.000000,74.000000,374109.000000,0.254073,46.553375
training,21739,17694412.000000,159.000000,70.000000,280205.000000,0.190299,29.591808
training,21740,18801892.000000,172.000000,80.000000,307143.000000,0.208593,36.444736
training,21741,20699346.000000,164.000000,85.000000,322153.000000,0.218787,35.514400
training,21742,17899600.000000,170.000000,75.000000,328955.000000,0.223407,34.335777
training,21743,20084764.000000,157.000000,86.000000,319974.000000,0.217307,31.982880
training,21744,17838344.000000,177.000000,79.000000,380677.000000,0.258533,39.745953
training,21745,21656296.000000,172.000000,83.000000,234175.000000,0.159038,36.652897
training,21746,17659556.000000,157.000000,75.000000,332161.000000,0.225584,38.248417
training,21747,17922792.000000,160.000000,78.000000,334937.000000,0.227469,25.740543
training,21748,19344218.000000,153.000000,76.000000,260587.000000,0.176975,33.183552
training,21749,16799298.000000,153.000000,76.000000,322917.000000,0.219306,31.942623
training,21750,17693258.000000,170.000000,74.000000,310338.000000,0.210763,33.309826
training,21751,20623992.000000,150.000000,86.000000,327933.000000,0.222713,36.525536
training,21752,18820818.000000,164.000000,74.000000,271291.000000,0.184245,25.383007
training,21753,18241126.000000,171.000000,78.000000,323114.000000,0.219440,37.434208
training,21754,21513020.000000,176.000000,84.000000,270703.000000,0.183845,38.385216
training,21755,22358108.000000,154.000000,88.000000,230471.000000,0.156522,29.547232
training,21756,19377164.000000,215.000000,79.000000,318015.000000,0.215977,36.743168
training,21757,17842470.000000,171.000000,76.000000,335222.000000,0.227663,44.774239
training,21758,22177882.000000,159.000000,88.000000,227231.000000,0.154322,33.343105
training,21759,21809546.000000,175.000000,83.000000,235147.000000,0.159698,35.107937
training,21760,18387084.000000,171.000000,78.000000,317344.000000,0.215521,39.591488
training,21761,17937908.000000,147.000000,77.000000,334156.000000,0.226939,28.263968
training,21762,21622162.000000,230.000000,83.000000,255611.000000,0.173596,49.859905
training,21763,21241304.000000,166.000000,87.000000,242005.000000,0.164355,40.403774
training,21764,16545679.000000,159.000000,75.000000,368137.000000,0.250017,31.030399
training,21765,17981428.000000,162.000000,75.000000,355198.000000,0.241229,36.729057
training,21766,16638332.000000,144.000000,76.000000,374921.000000,0.254624,30.160353
training,21767,22193522.000000,221.000000,84.000000,242897.000000,0.164961,44.082878
training,21768,20184216.000000,164.000000,86.000000,234954.000000,0.159567,39.382561
training,21769,17501080.000000,206.000000,73.000000,389565.000000,0.264569,47.940033
training,21770,17918998.000000,156.000000,79.000000,351486.000000,0.238708,34.147999
training,21771,17676686.000000,157.000000,79.000000,332338.000000,0.225704,33.111198
training,21772,19947312.000000,165.000000,84.000000,340156.000000,0.231014,33.617313
training,21773,19237876.000000,169.000000,81.000000,313442.000000,0.212871,34.548191
training,21774,22361654.000000,148.000000,87.000000,237730.000000,0.161452,28.931423
training,21775,22092100.000000,188.000000,86.000000,232085.000000,0.157618,43.127647
training,21776,19501928.000000,173.000000,77.000000,245918.000000,0.167013,30.827808
training,21777,19048372.000000,194.000000,78.000000,343947.000000,0.233588,41.923744
training,21778,19222052.000000,228.000000,81.000000,296612.000000,0.201441,43.282719
training,21779,17593998.000000,158.000000,78.000000,316546.000000,0.214979,34.819584
training,21780,22020940.000000,181.000000,86.000000,266548.000000,0.181024,42.571873
training,21781,21921110.000000,153.000000,87.000000,242359.000000,0.164596,36.122047
training,21782,20317112.000000,159.000000,84.000000,329351.000000,0.223676,39.344383
training,21783,21501160.000000,194.000000,87.000000,322044.000000,0.218713,48.531391
training,21784,18871562.000000,157.000000,74.000000,288191.000000,0.195722,29.984991
training,21785,17734970.000000,155.000000,78.000000,353746.000000,0.240243,31.022177
training,21786,21734908.000000,178.000000,85.000000,254165.000000,0.172614,36.583298
training,21787,18354644.000000,178.000000,76.000000,306001.000000,0.207818,35.883232
training,21788,17459208.000000,219.000000,73.000000,389326.000000,0.264407,61.872318
training,21789,18351836.000000,173.000000,78.000000,317467.000000,0.215605,38.047104
training,21790,19545752.000000,162.000000,77.000000,276519.000000,0.187795,36.664032
training,21791,17657546.000000,177.000000,74.000000,310794.000000,0.211073,38.308575
training,21792,17522546.000000,172.000000,78.000000,382716.000000,0.259918,32.052479
training,21793,18889524.000000,150.000000,79.000000,318453.000000,0.216274,34.686878
training,21794,16994964.000000,175.000000,77.000000,350454.000000,0.238008,34.517761
training,21795,19373228.000000,173.000000,83.000000,300338.000000,0.203972,38.376034
training,21796,19875976.000000,190.000000,84.000000,239985.000000,0.162984,36.548031
training,21797,21925620.000000,171.000000,85.000000,233790.000000,0.158776,35.884895
training,21798,20417962.000000,150.000000,84.000000,325621.000000,0.221142,28.690399
training,21799,17791954.000000,162.000000,74.000000,310892.000000,0.211139,28.590849
training,21800,18017028.000000,149.000000,77.000000,333575.000000,0.226544,33.126530
training,21801,20822048.000000,188.000000,83.000000,273976.000000,0.186068,36.068352
training,21802,17874916.000000,174.000000,78.000000,348599.000000,0.236748,34.604416
training,21803,18426300.000000,159.000000,81.000000,351689.000000,0.238846,34.851105
training,21804,17705378.000000,143.000000,70.000000,284882.000000,0.193475,25.176960
training,21805,17660480.000000,160.000000,70.000000,280086.000000,0.190218,25.869728
training,21806,18556720.000000,195.000000,75.000000,327132.000000,0.222169,39.864990
training,21807,17925612.000000,167.000000,70.000000,285691.000000,0.194024,30.487360
training,21808,17812840.000000,192.000000,74.000000,369829.000000,0.251166,57.360703
training,21809,19524546.000000,232.000000,79.000000,262904.000000,0.178549,48.647583
training,21810,19100816.000000,180.000000,82.000000,354441.000000,0.240715,32.871201
training,21811,16665809.000000,149.000000,76.000000,374888.000000,0.254602,34.218945
training,21812,20061008.000000,163.000000,84.000000,340128.000000,0.230995,32.804737
training,21813,17957020.000000,170.000000,75.000000,328793.000000,0.223297,36.532894
training,21814,18382558.000000,156.000000,81.000000,333541.000000,0.226521,35.770977
training,21815,17510144.000000,148.000000,77.000000,323588.000000,0.219762,24.471457
training,21816,21168088.000000,205.000000,86.000000,322305.000000,0.218890,52.760288
training,21817,22033326.000000,177.000000,84.000000,230216.000000,0.156349,41.896160
training,21818,17674332.000000,145.000000,73.000000,312417.000000,0.212175,28.323423
training,21819,19003416.000000,173.000000,74.000000,263885.000000,0.179215,34.773762
training,21820,18096748.000000,141.000000,72.000000,283806.000000,0.192744,28.147743
training,21821,17575230.000000,143.000000,79.000000,352335.000000,0.239285,33.634048
training,21822,20023188.000000,204.000000,84.000000,320214.000000,0.217470,43.592735
training,21823,22292736.000000,160.000000,87.000000,234433.000000,0.159213,36.651585
training,21824,18052056.000000,166.000000,74.000000,342508.000000,0.232611,45.092510
training,21825,20745104.000000,149.000000,86.000000,328520.000000,0.223111,38.083424
training,21826,21501364.000000,163.000000,85.000000,243054.000000,0.165068,30.173952
training,21827,16506756.000000,160.000000,75.000000,368139.000000,0.250018,33.822433
training,21828,17666032.000000,196.000000,77.000000,384315.000000,0.261004,29.050528
training,21829,19724418.000000,181.000000,80.000000,265508.000000,0.180317,36.531040
training,21830,21715276.000000,169.000000,85.000000,262910.000000,0.178553,46.444160
training,21831,17791852.000000,155.000000,77.000000,334153.000000,0.226937,26.405600
training,21832,18721762.000000,178.000000,73.000000,268149.000000,0.182111,36.736256
training,21833,21766876.000000,210.000000,88.000000,302766.000000,0.205621,46.428959
training,21834,18853372.000000,167.000000,74.000000,270679.000000,0.183829,25.009089
training,21835,20513218.000000,204.000000,82.000000,271305.000000,0.184254,57.363167
training,21836,17770460.000000,169.000000,77.000000,340044.000000,0.230938,37.428703
training,21837,23176612.000000,173.000000,91.000000,223447.000000,0.151752,33.540607
training,21838,18363212.000000,167.000000,72.000000,286742.000000,0.194738,28.248640
training,21839,18396456.000000,159.000000,71.000000,285145.000000,0.193654,29.750784
training,21840,19045200.000000,150.000000,74.000000,289367.000000,0.196521,37.342049
training,21841,20257572.000000,156.000000,82.000000,250959.000000,0.170436,30.824480
training,21842,17623612.000000,149.000000,74.000000,310985.000000,0.211203,27.980385
training,21843,19036960.000000,196.000000,80.000000,326479.000000,0.221725,35.006657
training,21844,20146348.000000,163.000000,86.000000,234453.000000,0.159227,40.483265
training,21845,19316194.000000,160.000000,77.000000,235826.000000,0.160159,31.210943
training,21846,17825262.000000,152.000000,79.000000,311327.000000,0.211435,33.642433
training,21847,19397736.000000,157.000000,77.000000,278221.000000,0.188951,28.435616
training,21848,16862308.000000,189.000000,72.000000,387659.000000,0.263275,43.287006
training,21849,17103580.000000,167.000000,73.000000,323620.000000,0.219783,41.785378
training,21850,19374168.000000,163.000000,82.000000,316099.000000,0.214676,42.939167
training,21851,17067868.000000,187.000000,76.000000,362856.000000,0.246430,34.724449
training,21852,20955728.000000,161.000000,84.000000,246509.000000,0.167414,30.786848
training,21853,17604040.000000,159.000000,75.000000,333085.000000,0.226212,35.476479
training,21854,18470748.000000,192.000000,82.000000,306563.000000,0.208199,35.985023
training,21855,20736708.000000,200.000000,85.000000,322626.000000,0.219108,43.704800
training,21856,19218812.000000,169.000000,81.000000,312947.000000,0.212535,34.296062
training,21857,17136748.000000,169.000000,73.000000,383930.000000,0.260742,39.544735
training,21858,20568820.000000,159.000000,82.000000,248212.000000,0.168571,35.657600
training,21859,17299660.000000,221.000000,72.000000,396418.000000,0.269224,44.745953
training,21860,18339088.000000,147.000000,79.000000,314924.000000,0.213878,34.339520
training,21861,18692408.000000,149.000000,79.000000,335936.000000,0.228148,34.103489
training,21862,18000238.000000,150.000000,78.000000,322208.000000,0.218825,23.504831
training,21863,17698198.000000,153.000000,74.000000,312969.000000,0.212550,27.834623
training,21864,18797120.000000,154.000000,74.000000,287456.000000,0.195223,35.101215
training,21865,22074128.000000,193.000000,86.000000,231798.000000,0.157423,35.311073
training,21866,18365028.000000,226.000000,74.000000,378626.000000,0.257140,41.018242
training,21867,17694832.000000,171.000000,77.000000,347498.000000,0.236000,28.445473
training,21868,19310300.000000,237.000000,78.000000,301439.000000,0.204719,46.363808
training,21869,20577576.000000,193.000000,82.000000,270596.000000,0.183773,42.396927
training,21870,20767172.000000,174.000000,82.000000,250875.000000,0.170379,31.813696
training,21871,18115860.000000,142.000000,78.000000,326431.000000,0.221693,27.622047
training,21872,17297720.000000,160.000000,76.000000,356001.000000,0.241775,31.388063
training,21873,19412514.000000,153.000000,76.000000,276851.000000,0.188021,37.996098
training,21874,17491884.000000,192.000000,76.000000,369656.000000,0.251048,30.617344
training,21875,18072604.000000,148.000000,75.000000,293634.000000,0.199419,37.709248
training,21876,18118844.000000,189.000000,78.000000,388416.000000,0.263789,38.547359
training,21877,17560878.000000,154.000000,77.000000,315798.000000,0.214471,35.929214
training,21878,22290156.000000,242.000000,85.000000,238329.000000,0.161859,46.770943
training,21879,17936476.000000,157.000000,74.000000,355190.000000,0.241224,43.810593
training,21880,21907746.000000,218.000000,84.000000,249799.000000,0.169649,51.855934
training,21881,19349342.000000,188.000000,75.000000,261386.000000,0.177518,31.197760
training,21882,19644758.000000,182.000000,80.000000,273008.000000,0.185411,39.275040
training,21883,18580138.000000,189.000000,80.000000,307926.000000,0.209125,36.980896
training,21884,18298792.000000,168.000000,73.000000,297624.000000,0.202129,30.201056
training,21885,17576920.000000,158.000000,69.000000,277940.000000,0.188760,31.246784
training,21886,19241084.000000,161.000000,75.000000,264686.000000,0.179759,33.362625
training,21887,19026228.000000,154.000000,79.000000,336466.000000,0.228508,29.500032
training,21888,16840436.000000,149.000000,76.000000,350212.000000,0.237843,31.262783
training,21889,21672852.000000,174.000000,85.000000,271000.000000,0.184047,38.133438
training,21890,18346902.000000,222.000000,74.000000,374509.000000,0.254344,45.698112
training,21891,19277094.000000,174.000000,82.000000,357883.000000,0.243053,36.724415
training,21892,20315132.000000,162.000000,84.000000,329261.000000,0.223615,37.494144
training,21893,18521596.000000,224.000000,79.000000,376966.000000,0.256013,38.871201
training,21894,16742738.000000,159.000000,76.000000,322114.000000,0.218761,29.988096
training,21895,19027032.000000,204.000000,77.000000,293986.000000,0.199658,39.003937
training,21896,20050214.000000,218.000000,79.000000,280285.000000,0.190353,45.875584
training,21897,18936092.000000,144.000000,80.000000,335666.000000,0.227964,26.066561
training,21898,17429758.000000,150.000000,78.031250,336979.000000,0.228856,33.766590
training,21899,17842052.000000,145.000000,70.000000,276201.000000,0.187579,29.139551
training,21900,21869352.000000,177.000000,85.000000,270151.000000,0.183471,37.020256
training,21901,18996688.000000,180.000000,82.000000,347218.000000,0.235810,47.624928
training,21902,21746496.000000,214.000000,86.000000,288138.000000,0.195686,37.796383
training,21903,17322372.000000,138.000000,78.000000,334763.000000,0.227351,30.711361
training,21904,19746008.000000,145.000000,86.000000,329056.000000,0.223475,33.449409
training,21905,17924366.000000,144.000000,80.000000,351431.000000,0.238671,34.909119
training,21906,18470530.000000,149.000000,78.000000,313247.000000,0.212739,28.798016
training,21907,17808652.000000,230.000000,73.000000,377166.000000,0.256149,46.752193
training,21908,18716060.000000,180.000000,81.000000,377360.000000,0.256281,37.754272
training,21909,18659600.000000,166.000000,75.000000,305822.000000,0.207696,35.092545
training,21910,19927636.000000,162.000000,81.000000,252379.000000,0.171401,33.115585
training,21911,18961724.000000,157.000000,82.000000,337446.000000,0.229173,40.421215
training,21912,19300432.000000,173.000000,81.000000,308167.000000,0.209289,38.094913
training,21913,22403504.000000,156.000000,88.000000,229681.000000,0.155986,37.374687
training,21914,19673684.000000,155.000000,78.000000,234687.000000,0.159385,28.507681
training,21915,19362488.000000,165.000000,78.000000,287873.000000,0.195506,35.998081
training,21916,22057144.000000,240.000000,85.000000,232918.000000,0.158184,52.312801
training,21917,21739832.000000,159.000000,88.000000,229253.000000,0.155695,31.396511
training,21918,19453248.000000,194.000000,82.000000,302808.000000,0.205649,39.456032
training,21919,16991022.000000,162.000000,72.000000,319032.000000,0.216668,38.364479
training,21920,18205618.000000,225.000000,74.000000,371074.000000,0.252011,46.784000
training,21921,18426226.000000,162.000000,80.000000,307679.000000,0.208957,40.699966
training,21922,19227500.000000,181.000000,84.000000,302628.000000,0.205527,36.683647
training,21923,18292178.000000,173.000000,76.000000,342189.000000,0.232394,38.840351
training,21924,19225868.000000,236.000000,81.000000,296272.000000,0.201210,52.860386
training,21925,19469220.000000,144.000000,82.000000,313821.000000,0.213129,32.450111
training,21926,20112456.000000,217.000000,80.000000,279317.000000,0.189696,50.776001
training,21927,17998186.000000,175.000000,79.000000,374584.000000,0.254395,37.966335
training,21928,17145340.000000,154.000000,76.000000,332876.000000,0.226070,28.566240
training,21929,20218468.000000,225.000000,80.000000,277135.000000,0.188214,46.681793
training,21930,17128538.000000,171.000000,75.000000,354747.000000,0.240923,24.464449
training,21931,18648352.000000,180.000000,75.000000,316233.000000,0.214767,42.584450
training,21932,17367270.000000,175.000000,74.000000,323370.000000,0.219614,39.430271
training,21933,16864512.000000,188.000000,75.000000,358036.000000,0.243157,27.167007
training,21934,16542166.000000,215.000000,75.000000,362612.000000,0.246265,31.094273
training,21935,19104836.000000,188.000000,78.000000,341678.000000,0.232047,38.926880
training,21936,22272308.000000,159.000000,89.000000,227444.000000,0.154466,34.342751
training,21937,22275418.000000,154.000000,89.000000,232877.000000,0.158156,33.039169
training,21938,17832408.000000,174.000000,79.000000,380145.000000,0.258172,32.858974
training,21939,16982872.000000,159.000000,76.000000,340294.000000,0.231107,26.667393
training,21940,17413992.000000,150.000000,77.000000,324951.000000,0.220687,32.101631
training,21941,17268844.000000,178.000000,75.000000,352698.000000,0.239532,31.165825
training,21942,18093474.000000,176.000000,78.000000,342155.000000,0.232371,26.276352
training,21943,21784728.000000,206.000000,87.000000,293253.000000,0.199160,46.950527
training,21944,19986464.000000,187.000000,84.000000,249524.000000,0.169462,41.242081
training,21945,19346706.000000,185.000000,75.000000,256124.000000,0.173944,38.019295
training,21946,21642018.000000,173.000000,85.000000,259844.000000,0.176471,39.760799
training,21947,20787800.000000,158.000000,86.000000,321265.000000,0.218184,34.415810
training,21948,19316310.000000,186.000000,81.000000,264924.000000,0.179921,36.276897
training,21949,16640874.000000,157.000000,75.000000,337165.000000,0.228982,24.477312
training,21950,18240766.000000,214.000000,74.000000,332144.000000,0.225572,46.709663
training,21951,17488210.000000,147.000000,79.000000,333475.000000,0.226476,36.274879
training,21952,18455924.000000,169.000000,73.000000,296674.000000,0.201483,33.037823
training,21953,18124270.000000,213.000000,78.000000,380136.000000,0.258166,32.466846
training,21954,17681008.000000,146.000000,69.000000,279947.000000,0.190123,28.203585
training,21955,18918644.000000,194.000000,81.000000,355384.000000,0.241356,40.938625
training,21956,19968204.000000,152.000000,83.000000,326704.000000,0.221878,30.658688
training,21957,17370268.000000,151.000000,77.000000,338759.000000,0.230065,26.244703
training,21958,21103586.000000,164.000000,87.000000,320821.000000,0.217883,36.334656
training,21959,19605854.000000,168.000000,80.000000,258090.000000,0.175279,36.866623
training,21960,21603514.000000,203.000000,85.000000,278717.000000,0.189288,44.969761
training,21961,20277872.000000,167.000000,86.000000,237534.000000,0.161319,37.406399
training,21962,17484554.000000,187.000000,73.000000,378369.000000,0.256966,46.412830
training,21963,19315806.000000,148.000000,81.000000,300924.000000,0.204370,35.013950
training,21964,18694356.000000,169.000000,80.000000,306592.000000,0.208219,36.621887
training,21965,19050816.000000,167.000000,82.000000,373178.000000,0.253440,36.564415
training,21966,18793520.000000,194.000000,74.000000,265753.000000,0.180484,37.679680
training,21967,21789088.000000,144.000000,85.000000,242850.000000,0.164929,33.449345
training,21968,19498264.000000,175.000000,81.000000,325789.000000,0.221257,27.076704
training,21969,19479978.000000,180.000000,77.000000,248552.000000,0.168802,40.399521
training,21970,16745675.000000,162.000000,76.000000,382286.000000,0.259626,31.826784
training,21971,22257396.000000,174.000000,85.000000,234887.000000,0.159521,36.031231
training,21972,19340512.000000,177.000000,76.000000,245031.000000,0.166411,32.858784
training,21973,21535246.000000,221.000000,83.000000,255177.000000,0.173301,46.030560
training,21974,20290768.000000,158.000000,82.000000,249345.000000,0.169340,34.473663
training,21975,18552546.000000,162.000000,73.000000,291392.000000,0.197896,24.992479
training,21976,18302890.000000,176.000000,75.000000,334260.000000,0.227010,36.172543
training,21977,18770646.000000,161.000000,77.000000,312243.000000,0.212057,41.494335
training,21978,17680628.000000,161.000000,78.000000,315467.000000,0.214246,33.868832
training,21979,17470110.000000,159.000000,78.000000,384043.000000,0.260819,35.936127
training,21980,22416716.000000,211.000000,84.000000,238461.000000,0.161949,55.822880
training,21981,18507744.000000,198.000000,72.000000,272023.000000,0.184742,29.360128
training,21982,18490890.000000,146.000000,79.000000,337247.000000,0.229038,26.681280
training,21983,21541458.000000,153.000000,87.000000,235161.000000,0.159707,37.393600
training,21984,19330708.000000,173.000000,82.000000,344355.000000,0.233865,36.768513
training,21985,17500284.000000,157.000000,77.000000,348788.000000,0.236876,26.227137
training,21986,21310052.000000,197.000000,86.000000,320933.000000,0.217959,38.994625
training,21987,17796076.000000,171.000000,75.000000,334464.000000,0.227148,41.545376
training,21988,17298088.000000,169.000000,74.000000,322750.000000,0.219193,38.065727
training,21989,22837388.000000,157.000000,89.000000,225690.000000,0.153275,36.036705
training,21990,18566368.000000,170.000000,79.000000,319722.000000,0.217136,27.052736
training,21991,20261472.000000,226.000000,80.000000,274230.000000,0.186241,45.883232
training,21992,18771984.000000,185.000000,78.000000,329677.000000,0.223897,37.913345
training,21993,20485228.000000,155.000000,81.000000,246451.000000,0.167375,37.668320
training,21994,21681264.000000,177.000000,83.000000,233944.000000,0.158881,39.787201
training,21995,19436992.000000,152.000000,81.000000,335337.000000,0.227741,38.645504
training,21996,18131708.000000,174.000000,77.000000,322705.000000,0.219162,31.434879
training,21997,17219200.000000,217.000000,72.000000,394166.000000,0.267694,52.047264
training,21998,19806594.000000,138.000000,81.000000,328473.000000,0.223079,28.267616
training,21999,20263396.000000,152.000000,83.000000,326445.000000,0.221702,28.871103
