split,global_step,hits_sum,hits_max,hits_p95,visible_gaussians,visible_gaussians_frac,forward_render_ms
training,20000,0.000000,0.000000,0.000000,0.000000,0.000000,51.273983
training,20001,18665226.000000,195.000000,79.000000,353447.000000,0.259780,31.961184
training,20002,21342772.000000,182.000000,90.000000,288889.000000,0.212330,26.158144
training,20003,22735464.000000,161.000000,90.000000,250268.000000,0.183944,34.296768
training,20004,21667088.000000,170.000000,89.000000,294147.000000,0.216195,23.402559
training,20005,19185728.000000,167.000000,79.000000,241089.000000,0.177198,25.546721
training,20006,20436764.000000,185.000000,85.000000,294344.000000,0.216340,21.115871
training,20007,22934368.000000,154.000000,90.000000,203366.000000,0.149472,21.402208
training,20008,18661744.000000,149.000000,80.000000,340513.000000,0.250274,19.517153
training,20009,20531018.000000,151.000000,83.000000,222354.000000,0.163428,17.989311
training,20010,21593808.000000,177.000000,88.000000,248848.000000,0.182901,20.519104
training,20011,20355986.000000,156.000000,86.000000,217549.000000,0.159896,25.149408
training,20012,17843896.000000,141.000000,74.000000,259098.000000,0.190434,18.128897
training,20013,17766052.000000,147.000000,73.000000,251302.000000,0.184704,20.675327
training,20014,20312034.000000,163.000000,85.000000,223950.000000,0.164601,22.849792
training,20015,17486868.000000,158.000000,79.000000,340342.000000,0.250148,20.786367
training,20016,23220594.000000,155.000000,92.000000,211660.000000,0.155568,21.182528
training,20017,19334628.000000,188.000000,84.000000,325997.000000,0.239604,27.334976
training,20018,17206176.000000,159.000000,76.000000,337694.000000,0.248202,20.194847
training,20019,21797320.000000,148.000000,87.000000,226858.000000,0.166738,18.872032
training,20020,17947342.000000,164.000000,78.000000,334676.000000,0.245983,18.914335
training,20021,18505512.000000,144.000000,83.000000,303401.000000,0.222997,20.004383
training,20022,18146948.000000,173.000000,81.000000,269008.000000,0.197718,22.341057
training,20023,20030956.000000,177.000000,89.000000,307536.000000,0.226036,22.890656
training,20024,21093120.000000,162.000000,84.000000,329868.000000,0.242450,21.163649
training,20025,19146720.000000,174.000000,86.000000,310032.000000,0.227870,26.374241
training,20026,20543030.000000,152.000000,83.000000,219529.000000,0.161352,16.979136
training,20027,19766652.000000,170.000000,84.000000,315263.000000,0.231715,22.368383
training,20028,22592810.000000,166.000000,89.000000,213365.000000,0.156821,21.831841
training,20029,18588204.000000,164.000000,81.000000,331722.000000,0.243812,22.843103
training,20030,17203456.000000,153.000000,78.000000,317757.000000,0.233548,18.731297
training,20031,19690244.000000,157.000000,81.000000,245867.000000,0.180710,26.649248
training,20032,18763564.000000,177.000000,80.000000,326207.000000,0.239759,19.563232
training,20033,23766100.000000,156.000000,92.000000,199267.000000,0.146459,21.082048
training,20034,18185026.000000,150.000000,79.000000,343022.000000,0.252118,16.518688
training,20035,17905516.000000,205.000000,79.000000,347777.000000,0.255613,20.365473
training,20036,19182686.000000,166.000000,83.000000,344182.000000,0.252970,23.580704
training,20037,20959674.000000,156.000000,85.000000,226473.000000,0.166455,21.245760
training,20038,21546248.000000,153.000000,90.000000,297034.000000,0.218317,21.783392
training,20039,20335194.000000,172.000000,86.000000,231511.000000,0.170158,22.903969
training,20040,17411348.000000,155.000000,79.000000,338737.000000,0.248968,22.423103
training,20041,21202780.000000,163.000000,88.000000,298997.000000,0.219760,20.782911
training,20042,17761116.000000,148.000000,79.000000,319276.000000,0.234665,21.690111
training,20043,19965180.000000,159.000000,82.000000,344545.000000,0.253237,20.527103
training,20044,16544504.000000,166.000000,75.000000,329700.000000,0.242326,20.496416
training,20045,19458712.000000,172.000000,79.000000,219195.000000,0.161106,25.261856
training,20046,17555732.000000,143.000000,81.000000,268993.000000,0.197707,19.667072
training,20047,18891786.000000,155.000000,78.000000,271580.000000,0.199609,19.998367
training,20048,20047480.000000,172.000000,85.000000,318406.000000,0.234025,21.168575
training,20049,17668680.000000,155.000000,72.000000,255530.000000,0.187812,23.370337
training,20050,18165768.000000,179.000000,79.000000,361691.000000,0.265839,26.423744
training,20051,20032760.000000,191.000000,85.000000,291748.000000,0.214432,22.459295
training,20052,17013100.000000,168.000000,76.000000,338379.000000,0.248705,18.532896
training,20053,18064018.000000,168.000000,78.000000,301382.000000,0.221513,17.815359
training,20054,16446501.000000,163.000000,75.000000,318879.000000,0.234373,18.538591
training,20055,18739612.000000,188.000000,82.000000,265949.000000,0.195470,27.191456
training,20056,17782200.000000,168.000000,78.000000,330288.000000,0.242758,22.285152
training,20057,19034344.000000,177.000000,79.000000,233602.000000,0.171695,23.126017
training,20058,17210138.000000,147.000000,76.000000,329363.000000,0.242078,16.635904
training,20059,21727724.000000,171.000000,90.000000,288789.000000,0.212257,26.079840
training,20060,21076368.000000,181.000000,86.000000,248973.000000,0.182993,23.051552
training,20061,21623024.000000,154.000000,86.000000,213778.000000,0.157125,18.686943
training,20062,16804128.000000,164.000000,77.000000,336001.000000,0.246957,23.703903
training,20063,20017586.000000,167.000000,84.000000,242357.000000,0.178130,20.792831
training,20064,18217828.000000,159.000000,80.000000,317557.000000,0.233401,17.926497
training,20065,17474772.000000,149.000000,80.000000,301782.000000,0.221807,19.597281
training,20066,18479112.000000,202.000000,80.000000,347347.000000,0.255297,24.540577
training,20067,19944216.000000,163.000000,84.000000,268830.000000,0.197587,18.358879
training,20068,22813808.000000,196.000000,92.000000,253064.000000,0.185999,23.616608
training,20069,21917628.000000,147.000000,91.000000,292607.000000,0.215063,22.332865
training,20070,24200858.000000,168.000000,92.000000,202609.000000,0.148916,19.603935
training,20071,18174648.000000,167.000000,81.000000,321869.000000,0.236570,24.215809
training,20072,18212248.000000,157.000000,80.000000,344429.000000,0.253152,21.856319
training,20073,19272084.000000,190.000000,84.000000,336151.000000,0.247068,25.902657
training,20074,17919284.000000,155.000000,80.000000,345126.000000,0.253664,19.126465
training,20075,18306580.000000,160.000000,76.000000,260198.000000,0.191243,20.328096
training,20076,19692442.000000,175.000000,79.000000,213587.000000,0.156984,20.864927
training,20077,18553616.000000,166.000000,78.000000,322761.000000,0.237226,19.090977
training,20078,23595168.000000,219.000000,89.000000,217706.000000,0.160012,26.139105
training,20079,17292948.000000,147.000000,79.000000,285744.000000,0.210019,19.149632
training,20080,22720416.000000,159.000000,89.000000,210554.000000,0.154755,20.696735
training,20081,17454720.000000,151.000000,80.000000,305855.000000,0.224800,19.085855
training,20082,17008050.000000,158.000000,78.000000,335223.000000,0.246385,21.579329
training,20083,19893050.000000,192.000000,86.000000,285517.000000,0.209852,23.688608
training,20084,21483474.000000,194.000000,86.000000,248546.000000,0.182679,27.615488
training,20085,19550636.000000,168.000000,82.000000,242641.000000,0.178339,18.386911
training,20086,17600676.000000,188.000000,77.000000,345207.000000,0.253724,20.308449
training,20087,17716748.000000,194.000000,77.000000,379871.000000,0.279201,35.987358
training,20088,20452688.000000,164.000000,91.000000,285730.000000,0.210009,20.107391
training,20089,18554596.000000,218.000000,79.000000,371996.000000,0.273413,25.208416
training,20090,18797976.000000,153.000000,78.000000,334956.000000,0.246189,16.894720
training,20091,20110968.000000,151.000000,86.000000,282760.000000,0.207826,19.601055
training,20092,18098622.000000,146.000000,74.000000,259878.000000,0.191008,16.885920
training,20093,17933374.000000,156.000000,78.000000,296494.000000,0.217920,18.406143
training,20094,21884808.000000,176.000000,88.000000,251209.000000,0.184636,26.427361
training,20095,20213788.000000,160.000000,82.000000,299012.000000,0.219771,18.790943
training,20096,17699486.000000,173.000000,79.000000,308472.000000,0.226724,21.277216
training,20097,22737204.000000,163.000000,88.000000,212102.000000,0.155893,20.950848
training,20098,20248010.000000,183.000000,87.000000,314122.000000,0.230876,23.764799
training,20099,18917612.000000,178.000000,81.000000,313132.000000,0.230149,24.948288
training,20100,17919540.000000,160.000000,77.000000,327243.000000,0.240520,19.369120
training,20101,22208940.000000,149.000000,88.000000,213327.000000,0.156793,20.663744
training,20102,18872162.000000,166.000000,82.000000,346965.000000,0.255016,25.188896
training,20103,17944112.000000,191.000000,78.000000,375749.000000,0.276172,22.523232
training,20104,20742672.000000,163.000000,83.000000,314109.000000,0.230867,19.766497
training,20105,23332046.000000,196.000000,93.000000,258432.000000,0.189945,25.822784
training,20106,18655584.000000,141.000000,77.000000,279193.000000,0.205204,16.731392
training,20107,20805734.000000,192.000000,89.000000,310036.000000,0.227873,21.554464
training,20108,19495840.000000,160.000000,83.000000,320108.000000,0.235276,18.350784
training,20109,17989060.000000,169.000000,78.000000,296732.000000,0.218095,18.869345
training,20110,23008556.000000,166.000000,91.000000,233923.000000,0.171931,21.437920
training,20111,19390396.000000,160.000000,81.000000,239079.000000,0.175721,22.857056
training,20112,18345024.000000,187.000000,79.000000,339396.000000,0.249453,28.709984
training,20113,22643702.000000,187.000000,90.000000,273087.000000,0.200716,25.403551
training,20114,18186600.000000,210.000000,77.000000,364554.000000,0.267943,23.983072
training,20115,19945744.000000,162.000000,82.000000,328668.000000,0.241568,19.057728
training,20116,20704364.000000,164.000000,83.000000,216012.000000,0.158767,17.745855
training,20117,18300390.000000,167.000000,79.000000,299069.000000,0.219813,20.422976
training,20118,18581400.000000,149.000000,81.000000,318098.000000,0.233799,18.962784
training,20119,20273956.000000,167.000000,87.000000,311631.000000,0.229046,20.122017
training,20120,18656780.000000,189.000000,81.000000,332389.000000,0.244303,21.691200
training,20121,19230364.000000,152.000000,82.000000,325134.000000,0.238970,20.634687
training,20122,17685932.000000,153.000000,81.000000,304058.000000,0.223480,22.272703
training,20123,17681294.000000,163.000000,80.000000,311202.000000,0.228730,20.449856
training,20124,18418990.000000,148.000000,78.000000,318987.000000,0.234452,17.157761
training,20125,23824032.000000,198.000000,90.000000,216558.000000,0.159168,24.122368
training,20126,20764812.000000,157.000000,87.000000,306796.000000,0.225492,19.121536
training,20127,21188960.000000,148.000000,85.000000,214245.000000,0.157468,17.159073
training,20128,17533232.000000,169.000000,76.000000,371854.000000,0.273309,26.018368
training,20129,23923444.000000,213.000000,91.000000,221903.000000,0.163096,25.773697
training,20130,17925032.000000,147.000000,78.000000,295460.000000,0.217160,19.143135
training,20131,23128268.000000,164.000000,92.000000,244471.000000,0.179684,23.003519
training,20132,22398338.000000,193.000000,90.000000,283549.000000,0.208406,25.972897
training,20133,20472744.000000,146.000000,82.000000,221358.000000,0.162696,16.864960
training,20134,17512372.000000,157.000000,80.000000,274529.000000,0.201776,19.386528
training,20135,19531354.000000,178.000000,84.000000,287936.000000,0.211630,25.565727
training,20136,17634700.000000,151.000000,78.000000,339334.000000,0.249407,16.705055
training,20137,22712730.000000,151.000000,90.000000,205799.000000,0.151260,17.736511
training,20138,17097510.000000,155.000000,76.000000,336562.000000,0.247370,19.324928
training,20139,22783684.000000,168.000000,90.000000,247346.000000,0.181797,21.808064
training,20140,20321656.000000,163.000000,88.000000,307574.000000,0.226064,21.359455
training,20141,16240088.000000,137.000000,76.000000,315616.000000,0.231975,21.272673
training,20142,17829504.000000,163.000000,78.000000,333059.000000,0.244795,22.185312
training,20143,23542900.000000,169.000000,91.000000,205448.000000,0.151002,20.445473
training,20144,19429052.000000,160.000000,82.000000,323963.000000,0.238110,21.160864
training,20145,17325574.000000,158.000000,76.000000,335821.000000,0.246825,19.087584
training,20146,20580860.000000,195.000000,88.000000,295923.000000,0.217500,22.869057
training,20147,23579756.000000,187.000000,89.000000,215896.000000,0.158681,21.258080
training,20148,17882768.000000,169.000000,78.000000,346998.000000,0.255040,22.600512
training,20149,21057694.000000,160.000000,84.000000,335300.000000,0.246442,23.090656
training,20150,19458870.000000,150.000000,80.000000,342210.000000,0.251521,19.853344
training,20151,19435286.000000,157.000000,81.000000,343945.000000,0.252796,22.486977
training,20152,19447332.000000,175.000000,84.000000,332422.000000,0.244327,28.385471
training,20153,19981562.000000,175.000000,84.000000,301424.000000,0.221544,17.537888
training,20154,18933252.000000,165.000000,80.000000,247048.000000,0.181578,22.695360
training,20155,20749568.000000,165.000000,87.000000,222615.000000,0.163620,28.661057
training,20156,19888848.000000,163.000000,83.000000,264045.000000,0.194070,17.433825
training,20157,17847086.000000,143.000000,81.000000,304005.000000,0.223441,22.229601
training,20158,17178988.000000,157.000000,78.000000,308083.000000,0.226438,19.910751
training,20159,22273508.000000,150.000000,88.000000,209498.000000,0.153979,19.187807
training,20160,17777156.000000,178.000000,77.000000,371453.000000,0.273014,25.015680
training,20161,19522698.000000,156.000000,81.000000,264847.000000,0.194660,17.385120
training,20162,20222940.000000,160.000000,86.000000,321733.000000,0.236470,23.160959
training,20163,20134404.000000,157.000000,84.000000,238041.000000,0.174958,19.870337
training,20164,19445860.000000,153.000000,82.000000,303282.000000,0.222909,18.380640
training,20165,19024664.000000,197.000000,80.000000,263711.000000,0.193825,23.330624
training,20166,17556228.000000,155.000000,79.000000,318098.000000,0.233799,18.520512
training,20167,18504852.000000,159.000000,80.000000,339787.000000,0.249740,19.831392
training,20168,18137696.000000,162.000000,78.000000,319937.000000,0.235150,17.088961
training,20169,18629368.000000,189.000000,81.000000,329578.000000,0.242236,29.289312
training,20170,21084076.000000,148.000000,84.000000,221469.000000,0.162777,17.690399
training,20171,18741374.000000,190.000000,80.000000,322981.000000,0.237388,21.998304
training,20172,19505722.000000,156.000000,81.000000,316142.000000,0.232361,20.287071
training,20173,20109988.000000,173.000000,86.000000,329017.000000,0.241824,22.931936
training,20174,18388592.000000,147.000000,74.000000,263741.000000,0.193847,15.168096
training,20175,16502478.000000,141.000000,76.000000,302055.000000,0.222007,18.470848
training,20176,19233872.000000,163.000000,80.000000,247395.000000,0.181833,22.038080
training,20177,17612368.000000,152.000000,72.000000,254990.000000,0.187415,19.506432
training,20178,18761104.000000,172.000000,79.000000,293031.000000,0.215375,19.113249
training,20179,17482916.000000,156.000000,78.000000,312029.000000,0.229338,22.966368
training,20180,20405930.000000,186.000000,83.000000,252495.000000,0.185581,26.098911
training,20181,23046898.000000,189.000000,92.000000,267268.000000,0.196439,24.929056
training,20182,18125376.000000,149.000000,80.000000,313323.000000,0.230289,21.497313
training,20183,20154566.000000,170.000000,85.000000,278856.000000,0.204956,16.695007
training,20184,18701598.000000,188.000000,79.000000,365672.000000,0.268765,23.314144
training,20185,22121148.000000,169.000000,89.000000,288590.000000,0.212111,24.774719
training,20186,18082586.000000,150.000000,82.000000,269793.000000,0.198295,18.984800
training,20187,22798616.000000,149.000000,89.000000,210472.000000,0.154695,20.111040
training,20188,18593876.000000,153.000000,81.000000,320753.000000,0.235750,22.243904
training,20189,21198268.000000,155.000000,86.000000,337667.000000,0.248182,19.795200
training,20190,20054114.000000,148.000000,87.000000,298055.000000,0.219067,20.904673
training,20191,23315396.000000,189.000000,89.000000,215989.000000,0.158750,27.609535
training,20192,17747600.000000,145.000000,72.000000,256941.000000,0.188849,17.656609
training,20193,21695226.000000,168.000000,87.000000,218165.000000,0.160349,18.831680
training,20194,18306252.000000,198.000000,79.000000,348763.000000,0.256337,27.155968
training,20195,22643156.000000,145.000000,90.000000,209480.000000,0.153966,20.286655
training,20196,19146496.000000,166.000000,81.000000,336805.000000,0.247548,21.950336
training,20197,19239012.000000,182.000000,83.000000,302711.000000,0.222490,19.395679
training,20198,18758428.000000,142.000000,76.000000,273197.000000,0.200797,17.644705
training,20199,19091816.000000,193.000000,78.000000,236443.000000,0.173783,25.695999
training,20200,17586332.000000,191.000000,76.000000,380352.000000,0.279555,35.738113
training,20201,21425032.000000,156.000000,85.000000,227803.000000,0.167433,19.526079
training,20202,21508622.000000,158.000000,86.000000,334052.000000,0.245525,22.619616
training,20203,18346704.000000,177.000000,78.000000,334245.000000,0.245667,17.367905
training,20204,18913604.000000,162.000000,81.000000,322624.000000,0.237125,17.941471
training,20205,17967164.000000,183.000000,78.000000,352075.000000,0.258772,22.272703
training,20206,19122656.000000,144.000000,78.000000,271357.000000,0.199445,17.308928
training,20207,20262476.000000,151.000000,86.000000,288536.000000,0.212071,19.366400
training,20208,16398068.000000,149.000000,76.000000,324007.000000,0.238142,20.316128
training,20209,19617420.000000,159.000000,82.000000,329880.000000,0.242458,21.524511
training,20210,18695384.000000,159.000000,77.000000,332160.000000,0.244134,21.567583
training,20211,17600826.000000,145.000000,78.000000,342721.000000,0.251896,21.441343
training,20212,19936382.000000,160.000000,81.000000,222663.000000,0.163655,17.218176
training,20213,18291400.000000,190.000000,78.000000,366851.000000,0.269632,25.663040
training,20214,21855140.000000,159.000000,87.000000,213613.000000,0.157003,17.860832
training,20215,20168720.000000,186.000000,84.000000,253271.000000,0.186152,26.522528
training,20216,21562704.000000,160.000000,85.000000,334293.000000,0.245702,21.833055
training,20217,20187806.000000,143.000000,82.000000,210469.000000,0.154693,25.333696
training,20218,18256448.000000,160.000000,81.000000,341843.000000,0.251251,23.959841
training,20219,22600598.000000,167.000000,89.000000,244542.000000,0.179736,26.054560
training,20220,23234748.000000,168.000000,90.000000,208625.000000,0.153337,22.323263
training,20221,17246008.000000,166.000000,75.000000,371245.000000,0.272861,25.889696
training,20222,22570996.000000,196.000000,89.000000,235310.000000,0.172950,24.559681
training,20223,20289572.000000,147.000000,84.000000,235945.000000,0.173417,21.662527
training,20224,19771668.000000,192.000000,83.000000,238538.000000,0.175323,28.160608
training,20225,19100502.000000,176.000000,80.000000,248488.000000,0.182636,17.595200
training,20226,16951952.000000,166.000000,76.000000,321608.000000,0.236379,17.957537
training,20227,22764396.000000,185.000000,89.000000,230527.000000,0.169435,24.488001
training,20228,21037032.000000,147.000000,91.000000,288112.000000,0.211759,20.577087
training,20229,22941412.000000,174.000000,91.000000,237342.000000,0.174444,24.379135
training,20230,20468828.000000,158.000000,83.000000,342836.000000,0.251981,20.671232
training,20231,18618138.000000,147.000000,78.000000,282890.000000,0.207921,16.986816
training,20232,18604966.000000,142.000000,79.000000,341372.000000,0.250905,20.308256
training,20233,17764674.000000,204.000000,78.000000,342939.000000,0.252057,20.464384
training,20234,20012922.000000,153.000000,84.000000,230247.000000,0.169229,21.480192
training,20235,20117052.000000,148.000000,86.000000,278480.000000,0.204680,19.507681
training,20236,20080960.000000,160.000000,85.000000,312768.000000,0.229881,18.734400
training,20237,20247388.000000,186.000000,87.000000,282598.000000,0.207707,24.343201
training,20238,19078596.000000,169.000000,80.000000,327588.000000,0.240774,21.008287
training,20239,18626286.000000,148.000000,79.000000,333761.000000,0.245311,17.062113
training,20240,19290744.000000,158.000000,84.000000,306380.000000,0.225186,20.768576
training,20241,20825238.000000,203.000000,84.000000,249674.000000,0.183508,24.334305
training,20242,17896518.000000,143.000000,72.000000,259821.000000,0.190966,17.385281
training,20243,18471534.000000,143.000000,75.000000,275485.000000,0.202479,17.963648
training,20244,21919144.000000,154.000000,88.000000,210871.000000,0.154988,19.633951
training,20245,17939144.000000,158.000000,80.000000,318122.000000,0.233816,22.807232
training,20246,18575584.000000,191.000000,80.000000,331185.000000,0.243418,32.343006
training,20247,19945596.000000,147.000000,81.000000,339231.000000,0.249331,19.291807
training,20248,20600286.000000,148.000000,87.000000,216927.000000,0.159439,20.750143
training,20249,19730574.000000,153.000000,85.000000,286219.000000,0.210368,21.386593
training,20250,19651288.000000,157.000000,81.000000,323489.000000,0.237761,20.568768
training,20251,22853092.000000,146.000000,89.000000,212807.000000,0.156411,21.107073
training,20252,19634154.000000,158.000000,83.000000,235406.000000,0.173021,23.441280
training,20253,20560338.000000,154.000000,84.000000,213073.000000,0.156606,19.759617
training,20254,18544434.000000,183.000000,78.000000,361344.000000,0.265584,29.246401
training,20255,17997828.000000,168.000000,78.000000,296975.000000,0.218274,17.290497
training,20256,17677428.000000,144.000000,72.000000,250803.000000,0.184338,25.254335
training,20257,22823982.000000,148.000000,88.000000,212512.000000,0.156194,20.394753
training,20258,17847468.000000,207.000000,78.000000,346645.000000,0.254781,22.882561
training,20259,21088380.000000,163.000000,87.000000,298149.000000,0.219136,20.839169
training,20260,16270893.000000,168.000000,74.000000,318593.000000,0.234163,16.502081
training,20261,18688264.000000,218.000000,79.000000,370596.000000,0.272384,30.311296
training,20262,21446212.000000,155.000000,90.000000,295995.000000,0.217553,21.515327
training,20263,19100280.000000,174.000000,81.000000,327517.000000,0.240722,24.271135
training,20264,17511572.000000,149.000000,80.000000,304880.000000,0.224084,18.669600
training,20265,18362556.000000,153.000000,80.000000,342628.000000,0.251828,22.889759
training,20266,22605496.000000,153.000000,89.000000,209618.000000,0.154067,19.434656
training,20267,19411140.000000,170.000000,79.000000,218957.000000,0.160931,21.172800
training,20268,17784082.000000,142.000000,79.000000,318334.000000,0.233972,18.167871
training,20269,19396428.000000,171.000000,84.000000,331166.000000,0.243404,23.569344
training,20270,17699810.000000,166.000000,78.000000,329638.000000,0.242281,22.208128
training,20271,18601878.000000,201.000000,82.000000,264668.000000,0.194528,28.119265
training,20272,23167924.000000,167.000000,92.000000,244123.000000,0.179428,23.642273
training,20273,23591144.000000,209.000000,90.000000,217210.000000,0.159647,26.095455
training,20274,20573788.000000,162.000000,83.000000,313899.000000,0.230713,23.128511
training,20275,17673188.000000,143.000000,81.000000,303329.000000,0.222944,19.155457
training,20276,19291404.000000,160.000000,80.000000,342770.000000,0.251932,20.416544
training,20277,17419778.000000,172.000000,76.000000,372236.000000,0.273590,24.626112
training,20278,23929308.000000,195.000000,91.000000,216280.000000,0.158964,23.879969
training,20279,22536568.000000,170.000000,89.000000,213117.000000,0.156639,19.118689
training,20280,18384020.000000,211.000000,79.000000,346796.000000,0.254892,25.461121
training,20281,18623360.000000,195.000000,80.000000,322013.000000,0.236676,23.104416
training,20282,19797060.000000,173.000000,88.000000,305997.000000,0.224905,24.387136
training,20283,16385876.000000,157.000000,76.000000,323495.000000,0.237766,19.213217
training,20284,19066164.000000,184.000000,78.000000,241388.000000,0.177418,23.155872
training,20285,18503656.000000,145.000000,79.000000,341209.000000,0.250785,20.035295
training,20286,17533348.000000,144.000000,78.000000,317222.000000,0.233155,18.731327
training,20287,18564820.000000,191.000000,80.000000,330104.000000,0.242623,25.200064
training,20288,17756744.000000,209.000000,78.000000,343106.000000,0.252179,20.743233
training,20289,19506292.000000,160.000000,83.000000,329962.000000,0.242519,27.538528
training,20290,17602198.000000,192.000000,77.000000,380309.000000,0.279523,25.646624
training,20291,17203872.000000,181.000000,76.000000,371784.000000,0.273257,27.885792
training,20292,18237776.000000,199.000000,77.000000,364074.000000,0.267591,30.860544
training,20293,16663335.000000,157.000000,77.000000,335181.000000,0.246355,21.478176
training,20294,20090924.000000,161.000000,85.000000,223350.000000,0.164160,24.280672
training,20295,17536144.000000,145.000000,80.000000,274052.000000,0.201425,20.235264
training,20296,22850960.000000,186.000000,92.000000,266411.000000,0.195809,26.953953
training,20297,18197868.000000,150.000000,75.000000,258980.000000,0.190348,21.804577
training,20298,22657124.000000,144.000000,90.000000,209165.000000,0.153734,20.951584
training,20299,23882468.000000,209.000000,90.000000,221377.000000,0.162710,26.243999
training,20300,18445396.000000,148.000000,75.000000,274447.000000,0.201716,18.938463
training,20301,19955388.000000,158.000000,82.000000,328178.000000,0.241207,19.369408
training,20302,17373976.000000,181.000000,76.000000,329456.000000,0.242147,20.979649
training,20303,20923608.000000,168.000000,83.000000,329580.000000,0.242238,19.984512
training,20304,19982258.000000,153.000000,84.000000,230261.000000,0.169239,21.572865
training,20305,21212504.000000,176.000000,89.000000,288014.000000,0.211687,24.023487
training,20306,18213314.000000,141.000000,74.000000,259082.000000,0.190423,16.252800
training,20307,20152756.000000,146.000000,85.000000,287985.000000,0.211666,22.481119
training,20308,20590092.000000,193.000000,87.000000,294584.000000,0.216516,23.857183
training,20309,18073240.000000,163.000000,78.000000,299327.000000,0.220002,18.440001
training,20310,19924358.000000,188.000000,82.000000,242089.000000,0.177933,21.208193
training,20311,20211740.000000,186.000000,84.000000,292953.000000,0.215317,18.035040
training,20312,21468284.000000,161.000000,89.000000,293247.000000,0.215534,20.935841
training,20313,19111472.000000,189.000000,83.000000,335677.000000,0.246719,25.125568
training,20314,23903636.000000,164.000000,92.000000,202157.000000,0.148583,18.386848
training,20315,17291496.000000,143.000000,79.000000,300724.000000,0.221029,19.452127
training,20316,18737204.000000,144.000000,76.000000,272105.000000,0.199994,16.324064
training,20317,20138920.000000,194.000000,84.000000,252819.000000,0.185819,25.738880
training,20318,18559454.000000,160.000000,78.000000,322817.000000,0.237267,21.477951
training,20319,21705816.000000,146.000000,87.000000,226698.000000,0.166621,20.607519
training,20320,19869456.000000,166.000000,84.000000,268554.000000,0.197384,19.699808
training,20321,17895526.000000,182.000000,78.000000,351421.000000,0.258291,19.539455
training,20322,20730048.000000,212.000000,84.000000,249285.000000,0.183222,24.111200
training,20323,19305976.000000,147.000000,79.000000,342321.000000,0.251602,18.033953
training,20324,18844828.000000,190.000000,81.000000,312766.000000,0.229880,22.868448
training,20325,17567472.000000,175.000000,76.000000,344788.000000,0.253416,20.791872
training,20326,17792592.000000,143.000000,81.000000,303423.000000,0.223013,22.176832
training,20327,21115480.000000,150.000000,85.000000,214430.000000,0.157604,18.243839
training,20328,18114988.000000,171.000000,81.000000,321154.000000,0.236045,20.937120
training,20329,18335896.000000,148.000000,78.000000,283100.000000,0.208076,17.562401
training,20330,18552116.000000,195.000000,78.000000,352254.000000,0.258903,35.344673
training,20331,19081904.000000,176.000000,80.000000,248151.000000,0.182388,25.266081
training,20332,19038664.000000,183.000000,78.000000,236310.000000,0.173685,21.888191
training,20333,18320884.000000,144.000000,74.000000,262653.000000,0.193047,19.058464
training,20334,20611156.000000,156.000000,86.000000,221849.000000,0.163057,22.711649
training,20335,20094544.000000,170.000000,85.000000,311319.000000,0.228816,21.636929
training,20336,17569940.000000,147.000000,77.000000,338636.000000,0.248894,19.992640
training,20337,19095380.000000,179.000000,82.000000,301293.000000,0.221447,20.812351
training,20338,17151146.000000,146.000000,77.000000,317071.000000,0.233044,21.649248
training,20339,20038878.000000,163.000000,84.000000,238227.000000,0.175094,22.208992
training,20340,20139488.000000,150.000000,85.000000,217045.000000,0.159526,19.487328
training,20341,18579532.000000,183.000000,78.000000,365005.000000,0.268275,30.448383
training,20342,17800648.000000,161.000000,79.000000,317288.000000,0.233203,21.228737
training,20343,17816828.000000,159.000000,77.000000,327715.000000,0.240867,16.029247
training,20344,18513398.000000,141.000000,79.000000,340097.000000,0.249968,18.308865
training,20345,18114332.000000,149.000000,79.000000,342172.000000,0.251493,21.534081
training,20346,18760616.000000,158.000000,77.000000,269769.000000,0.198277,15.747200
training,20347,17815762.000000,185.000000,77.000000,374840.000000,0.275504,28.130495
training,20348,17230708.000000,159.000000,75.000000,335639.000000,0.246691,20.075392
training,20349,17052564.000000,150.000000,76.000000,335865.000000,0.246857,16.544577
training,20350,17649180.000000,142.000000,72.000000,256310.000000,0.188385,19.425056
training,20351,17525696.000000,163.000000,79.000000,310105.000000,0.227924,24.948000
training,20352,19843808.000000,177.000000,83.000000,316829.000000,0.232866,22.196352
training,20353,19042600.000000,169.000000,80.000000,335750.000000,0.246773,22.141888
training,20354,17142338.000000,155.000000,76.000000,328894.000000,0.241734,16.419840
training,20355,17420564.000000,155.000000,78.000000,340050.000000,0.249933,19.456160
training,20356,17835196.000000,160.000000,78.000000,334296.000000,0.245704,18.272928
training,20357,20224868.000000,143.000000,82.000000,210308.000000,0.154574,21.917889
training,20358,18552252.000000,145.000000,81.000000,319957.000000,0.235165,19.962145
training,20359,21388844.000000,159.000000,86.000000,332539.000000,0.244413,23.199968
training,20360,17624552.000000,151.000000,72.000000,254599.000000,0.187128,21.185312
training,20361,16438144.000000,148.000000,76.000000,301728.000000,0.221767,19.631201
training,20362,21315160.000000,188.000000,86.000000,248335.000000,0.182524,24.213696
training,20363,18034692.000000,183.000000,78.000000,361148.000000,0.265440,29.862465
training,20364,17216018.000000,155.000000,78.000000,285109.000000,0.209552,19.466623
training,20365,23438168.000000,158.000000,91.000000,199286.000000,0.146473,19.673824
training,20366,22691220.000000,155.000000,88.000000,210185.000000,0.154484,20.371840
training,20367,19121132.000000,153.000000,81.000000,324409.000000,0.238437,22.146784
training,20368,22049424.000000,150.000000,88.000000,213211.000000,0.156708,23.932032
training,20369,19935964.000000,197.000000,85.000000,290712.000000,0.213670,21.586176
training,20370,19415360.000000,168.000000,84.000000,287675.000000,0.211438,23.959743
training,20371,23255348.000000,163.000000,90.000000,205008.000000,0.150679,19.387392
training,20372,17844328.000000,151.000000,79.000000,343764.000000,0.252663,22.454880
training,20373,21310392.000000,157.000000,85.000000,227682.000000,0.167344,17.965792
training,20374,17705214.000000,148.000000,77.000000,346215.000000,0.254465,20.409760
training,20375,20202666.000000,170.000000,85.000000,231533.000000,0.170174,21.490175
training,20376,22434852.000000,149.000000,89.000000,205586.000000,0.151104,19.435200
training,20377,18491316.000000,143.000000,81.000000,317720.000000,0.233521,18.614241
training,20378,17382942.000000,156.000000,78.000000,311491.000000,0.228943,20.050848
training,20379,17783162.000000,147.000000,77.000000,295393.000000,0.217111,18.850080
training,20380,17974488.000000,145.000000,82.000000,269683.000000,0.198214,19.518688
training,20381,17924792.000000,152.000000,79.000000,312251.000000,0.229501,18.617184
training,20382,18892392.000000,149.000000,79.000000,246307.000000,0.181033,21.065121
training,20383,18411974.000000,146.000000,82.000000,303003.000000,0.222704,20.886208
training,20384,19429388.000000,162.000000,81.000000,243096.000000,0.178673,20.314753
training,20385,21674790.000000,146.000000,89.000000,291304.000000,0.214105,23.928192
training,20386,18064952.000000,171.000000,81.000000,268552.000000,0.197383,20.060160
training,20387,18602580.000000,146.000000,76.000000,279278.000000,0.205266,18.737312
training,20388,16921474.000000,169.000000,75.000000,321737.000000,0.236473,18.589760
training,20389,21414956.000000,165.000000,85.000000,333140.000000,0.244855,21.123680
training,20390,18743270.000000,157.000000,78.000000,334053.000000,0.245526,19.258335
training,20391,18247460.000000,186.000000,79.000000,338924.000000,0.249106,25.065056
training,20392,20845404.000000,186.000000,86.000000,248537.000000,0.182672,25.911585
training,20393,17418576.000000,138.000000,80.000000,268523.000000,0.197362,18.805056
training,20394,22539256.000000,163.000000,89.000000,244027.000000,0.179357,22.787392
training,20395,20619288.000000,154.000000,83.000000,215548.000000,0.158426,16.810465
training,20396,20380940.000000,158.000000,82.000000,341497.000000,0.250997,20.882591
training,20397,22524630.000000,165.000000,89.000000,249288.000000,0.183224,26.073055
training,20398,18660880.000000,167.000000,78.000000,325484.000000,0.239227,19.512032
training,20399,21368030.000000,168.000000,87.000000,248239.000000,0.182453,24.701183
training,20400,20046296.000000,164.000000,85.000000,277454.000000,0.203926,19.400320
training,20401,19684440.000000,163.000000,82.000000,261333.000000,0.192077,18.311457
training,20402,19516146.000000,164.000000,83.000000,314546.000000,0.231188,21.230080
training,20403,23483368.000000,192.000000,89.000000,215482.000000,0.158377,24.273216
training,20404,17095804.000000,164.000000,77.000000,306733.000000,0.225446,19.882912
training,20405,17734280.000000,146.000000,72.000000,259548.000000,0.190765,17.095297
training,20406,19854036.000000,147.000000,80.000000,338225.000000,0.248592,19.721439
training,20407,19802832.000000,160.000000,81.000000,343259.000000,0.252292,22.397760
training,20408,19372852.000000,160.000000,81.000000,302523.000000,0.222351,19.005695
training,20409,18378276.000000,183.000000,77.000000,361067.000000,0.265381,28.438335
training,20410,18513496.000000,212.000000,80.000000,328053.000000,0.241116,22.042145
training,20411,19962568.000000,150.000000,87.000000,296858.000000,0.218188,20.954016
training,20412,20383532.000000,149.000000,82.000000,221124.000000,0.162524,17.582111
training,20413,19336640.000000,163.000000,81.000000,323675.000000,0.237898,22.116640
training,20414,20021648.000000,147.000000,86.000000,282388.000000,0.207552,20.911104
training,20415,17571956.000000,145.000000,78.000000,342625.000000,0.251826,19.754017
training,20416,18929152.000000,154.000000,81.000000,322708.000000,0.237187,20.948320
training,20417,19696660.000000,150.000000,85.000000,286270.000000,0.210406,22.130688
training,20418,19127468.000000,172.000000,80.000000,246831.000000,0.181418,21.804064
training,20419,20052928.000000,152.000000,85.000000,312090.000000,0.229383,19.158049
training,20420,21109656.000000,153.000000,86.000000,335983.000000,0.246944,24.874657
training,20421,23152698.000000,167.000000,90.000000,208297.000000,0.153096,23.050848
training,20422,22893050.000000,159.000000,90.000000,211563.000000,0.155497,19.858015
training,20423,20337384.000000,148.000000,82.000000,222242.000000,0.163346,17.611937
training,20424,18953404.000000,189.000000,80.000000,262630.000000,0.193030,27.749792
training,20425,18786224.000000,160.000000,82.000000,346472.000000,0.254653,22.826015
training,20426,22102408.000000,154.000000,88.000000,208663.000000,0.153365,23.715872
training,20427,18317182.000000,186.000000,78.000000,333635.000000,0.245218,18.636000
training,20428,20058260.000000,160.000000,81.000000,298722.000000,0.219558,24.386400
training,20429,20268672.000000,173.000000,86.000000,312908.000000,0.229984,22.864737
training,20430,22850942.000000,177.000000,91.000000,237005.000000,0.174196,21.178047
training,20431,21744196.000000,163.000000,88.000000,250889.000000,0.184401,25.794785
training,20432,17413910.000000,167.000000,78.000000,337924.000000,0.248371,20.321632
training,20433,17681288.000000,172.000000,79.000000,310042.000000,0.227878,21.090368
training,20434,18756868.000000,151.000000,77.000000,332069.000000,0.244067,21.182016
training,20435,23201726.000000,193.000000,88.000000,215265.000000,0.158218,31.234016
training,20436,16478403.000000,166.000000,74.000000,328563.000000,0.241490,19.848864
training,20437,23140986.000000,201.000000,92.000000,258836.000000,0.190242,25.982784
training,20438,16298206.000000,143.000000,76.000000,315007.000000,0.231527,19.131680
training,20439,20535188.000000,147.000000,87.000000,217051.000000,0.159530,23.728224
training,20440,22485250.000000,194.000000,90.000000,272912.000000,0.200588,28.002239
training,20441,17095542.000000,158.000000,75.000000,336654.000000,0.247437,20.178465
training,20442,17764936.000000,169.000000,77.000000,331581.000000,0.243709,21.777376
training,20443,19610160.000000,160.000000,81.000000,322702.000000,0.237183,18.916161
training,20444,18115764.000000,156.000000,77.000000,318650.000000,0.234205,15.187808
training,20445,17650556.000000,146.000000,73.000000,258178.000000,0.189758,19.586912
training,20446,18835732.000000,176.000000,85.000000,308871.000000,0.227017,27.076193
training,20447,21779742.000000,148.000000,87.000000,210495.000000,0.154712,18.864704
training,20448,18513610.000000,167.000000,81.000000,332223.000000,0.244181,21.945024
training,20449,21432276.000000,141.000000,86.000000,212729.000000,0.156354,18.384352
training,20450,19487552.000000,150.000000,81.000000,263452.000000,0.193635,18.245184
training,20451,20263892.000000,191.000000,83.000000,251345.000000,0.184736,26.354113
training,20452,22860200.000000,168.000000,90.000000,233830.000000,0.171863,22.748705
training,20453,20176288.000000,173.000000,86.000000,319547.000000,0.234864,23.928991
training,20454,18584932.000000,148.000000,79.000000,333047.000000,0.244786,18.991743
training,20455,22528076.000000,156.000000,88.000000,211780.000000,0.155656,20.308001
training,20456,17041892.000000,160.000000,78.000000,334097.000000,0.245558,26.837440
training,20457,20152096.000000,149.000000,83.000000,235490.000000,0.173083,21.099169
training,20458,17603498.000000,147.000000,72.000000,255125.000000,0.187514,20.324673
training,20459,19297544.000000,155.000000,84.000000,306369.000000,0.225178,18.714144
training,20460,20223384.000000,186.000000,86.000000,282441.000000,0.207591,27.185152
training,20461,20682396.000000,158.000000,87.000000,306266.000000,0.225102,18.257919
training,20462,20594248.000000,154.000000,84.000000,212723.000000,0.156349,20.188801
training,20463,17750884.000000,176.000000,77.000000,369973.000000,0.271926,29.955040
training,20464,18512352.000000,151.000000,80.000000,339143.000000,0.249267,20.997280
training,20465,18065840.000000,147.000000,80.000000,316367.000000,0.232527,17.577824
training,20466,18205360.000000,165.000000,81.000000,341065.000000,0.250679,24.752735
training,20467,19480808.000000,155.000000,83.000000,320020.000000,0.235211,18.422720
training,20468,17743206.000000,191.000000,77.000000,379431.000000,0.278878,31.338783
training,20469,20036086.000000,164.000000,85.000000,326903.000000,0.240270,23.390400
training,20470,21598204.000000,161.000000,87.000000,217101.000000,0.159567,17.642431
training,20471,20733200.000000,186.000000,88.000000,311110.000000,0.228663,22.306623
training,20472,19135072.000000,163.000000,82.000000,342735.000000,0.251907,25.773632
training,20473,22359720.000000,195.000000,90.000000,283196.000000,0.208146,26.551071
training,20474,17947328.000000,172.000000,78.000000,299564.000000,0.220177,17.530144
training,20475,18291012.000000,201.000000,79.000000,349777.000000,0.257083,26.926657
training,20476,20878832.000000,161.000000,83.000000,333236.000000,0.244925,27.910433
training,20477,19353140.000000,159.000000,80.000000,315243.000000,0.231700,17.718975
training,20478,19529032.000000,163.000000,82.000000,235710.000000,0.173244,22.709215
training,20479,18933700.000000,168.000000,78.000000,233144.000000,0.171358,19.307425
training,20480,18649408.000000,165.000000,79.000000,294509.000000,0.216461,17.923744
training,20481,18199012.000000,170.000000,79.000000,301238.000000,0.221407,17.663679
training,20482,18255920.000000,146.000000,78.000000,317910.000000,0.233661,17.128736
training,20483,22595752.000000,192.000000,92.000000,251991.000000,0.185211,23.198496
training,20484,20971196.000000,149.000000,84.000000,221110.000000,0.162514,18.094624
training,20485,19801732.000000,170.000000,83.000000,300947.000000,0.221193,18.587360
training,20486,22674524.000000,199.000000,88.000000,229935.000000,0.169000,26.486048
training,20487,20963910.000000,148.000000,90.000000,288353.000000,0.211937,23.107103
training,20488,21974714.000000,177.000000,89.000000,288371.000000,0.211950,26.905985
training,20489,19770372.000000,190.000000,84.000000,284809.000000,0.209332,26.339392
training,20490,21529122.000000,177.000000,89.000000,287641.000000,0.211413,25.769793
training,20491,21832014.000000,151.000000,87.000000,212872.000000,0.156459,18.218784
training,20492,18497868.000000,195.000000,80.000000,333057.000000,0.244794,24.516479
training,20493,19643624.000000,205.000000,82.000000,237950.000000,0.174891,26.148319
training,20494,22447736.000000,197.000000,88.000000,234529.000000,0.172376,27.496609
training,20495,19496796.000000,165.000000,79.000000,213493.000000,0.156915,23.457216
training,20496,20339284.000000,150.000000,82.000000,219082.000000,0.161023,16.616096
training,20497,18129340.000000,188.000000,77.000000,366613.000000,0.269457,36.103870
training,20498,19867860.000000,165.000000,80.000000,222313.000000,0.163398,17.606367
training,20499,18971808.000000,143.000000,79.000000,271183.000000,0.199317,17.364161
training,20500,20845078.000000,154.000000,84.000000,226272.000000,0.166308,20.741247
training,20501,22635516.000000,159.000000,89.000000,202679.000000,0.148967,20.163839
training,20502,19960116.000000,151.000000,85.000000,278169.000000,0.204451,21.245152
training,20503,22685684.000000,164.000000,90.000000,247374.000000,0.181817,23.766464
training,20504,20329118.000000,154.000000,91.000000,285292.000000,0.209687,21.020609
training,20505,19239584.000000,161.000000,80.000000,238801.000000,0.175516,18.300896
training,20506,19485370.000000,176.000000,80.000000,245370.000000,0.180344,22.577120
training,20507,20125792.000000,163.000000,87.000000,306131.000000,0.225003,21.019680
training,20508,19064530.000000,190.000000,83.000000,325226.000000,0.239038,27.052641
training,20509,16736311.000000,170.000000,74.000000,337095.000000,0.247761,20.073153
training,20510,18914696.000000,174.000000,80.000000,327303.000000,0.240564,25.010431
training,20511,22424168.000000,162.000000,88.000000,212564.000000,0.156232,20.607872
training,20512,20030396.000000,146.000000,81.000000,209797.000000,0.154199,22.603264
training,20513,17444644.000000,144.000000,80.000000,273794.000000,0.201236,19.350016
training,20514,19423400.000000,165.000000,82.000000,329491.000000,0.242173,18.998304
training,20515,21095492.000000,179.000000,88.000000,287750.000000,0.211493,27.643681
training,20516,18041040.000000,143.000000,78.000000,341176.000000,0.250761,20.606367
training,20517,17682228.000000,151.000000,76.000000,346065.000000,0.254354,23.369568
training,20518,20458388.000000,164.000000,82.000000,214975.000000,0.158004,16.834656
training,20519,22377868.000000,199.000000,88.000000,233858.000000,0.171883,24.758495
training,20520,18075708.000000,156.000000,80.000000,340563.000000,0.250310,23.662657
training,20521,18001262.000000,171.000000,80.000000,268131.000000,0.197074,23.206240
training,20522,19954292.000000,152.000000,85.000000,277861.000000,0.204225,20.050528
training,20523,18058228.000000,159.000000,77.000000,318555.000000,0.234135,18.282944
training,20524,21880576.000000,171.000000,89.000000,287734.000000,0.211482,22.900352
training,20525,17208758.000000,143.000000,78.000000,300261.000000,0.220689,21.210688
training,20526,18725696.000000,153.000000,78.000000,245019.000000,0.180086,17.799871
training,20527,19226864.000000,154.000000,79.000000,341639.000000,0.251101,19.311808
training,20528,20796164.000000,156.000000,83.000000,332046.000000,0.244050,22.655584
training,20529,22489576.000000,152.000000,90.000000,204932.000000,0.150623,18.197184
training,20530,20215016.000000,150.000000,81.000000,220684.000000,0.162200,16.730528
training,20531,18293652.000000,213.000000,79.000000,346270.000000,0.254505,22.385216
training,20532,19350000.000000,161.000000,80.000000,314815.000000,0.231386,19.883104
training,20533,18543588.000000,188.000000,79.000000,321052.000000,0.235970,24.210176
training,20534,19219104.000000,168.000000,83.000000,330920.000000,0.243223,29.969473
training,20535,18842214.000000,153.000000,81.000000,321409.000000,0.236232,20.194847
training,20536,18975152.000000,160.000000,81.000000,323803.000000,0.237992,21.594080
training,20537,19803794.000000,151.000000,83.000000,229710.000000,0.168835,18.983295
training,20538,20120160.000000,165.000000,86.000000,310968.000000,0.228558,20.620256
training,20539,17720548.000000,140.000000,81.000000,302611.000000,0.222416,19.163967
training,20540,20004904.000000,164.000000,84.000000,278023.000000,0.204344,18.498240
training,20541,19039196.000000,196.000000,82.000000,335332.000000,0.246466,28.035936
training,20542,17794740.000000,206.000000,78.000000,346603.000000,0.254750,25.193407
training,20543,22591672.000000,152.000000,88.000000,209669.000000,0.154105,19.957151
training,20544,22757360.000000,182.000000,91.000000,236923.000000,0.174136,22.895905
training,20545,17721820.000000,144.000000,72.000000,258855.000000,0.190256,16.736544
training,20546,22971300.000000,198.000000,88.000000,214895.000000,0.157946,25.293728
training,20547,17233580.000000,174.000000,76.000000,370909.000000,0.272614,30.298559
training,20548,18685736.000000,160.000000,81.000000,345899.000000,0.254232,24.905632
training,20549,21336658.000000,141.000000,85.000000,212347.000000,0.156073,17.964895
training,20550,22768956.000000,194.000000,91.000000,266103.000000,0.195583,25.139328
training,20551,21366564.000000,160.000000,85.000000,332468.000000,0.244361,21.709856
training,20552,19740730.000000,165.000000,82.000000,261881.000000,0.192480,17.874624
training,20553,18331178.000000,143.000000,74.000000,262582.000000,0.192995,16.501408
training,20554,18417952.000000,144.000000,81.000000,317169.000000,0.233116,20.477377
training,20555,20749364.000000,183.000000,85.000000,248115.000000,0.182362,25.440416
training,20556,18765160.000000,157.000000,77.000000,269767.000000,0.198276,16.664928
training,20557,23466420.000000,160.000000,91.000000,198817.000000,0.146128,19.416897
training,20558,23756896.000000,197.000000,90.000000,215698.000000,0.158536,25.327936
training,20559,18656392.000000,154.000000,78.000000,334683.000000,0.245989,19.512320
training,20560,17524554.000000,143.000000,77.000000,338242.000000,0.248604,19.410816
training,20561,20068804.000000,177.000000,86.000000,312260.000000,0.229508,23.421888
training,20562,19387588.000000,151.000000,81.000000,263115.000000,0.193387,16.927423
training,20563,22138476.000000,151.000000,89.000000,208089.000000,0.152943,19.297119
training,20564,23406672.000000,187.000000,89.000000,215284.000000,0.158232,23.033344
training,20565,19747696.000000,161.000000,81.000000,342554.000000,0.251774,23.295584
training,20566,20556660.000000,158.000000,86.000000,221681.000000,0.162933,17.696287
training,20567,19236718.000000,159.000000,81.000000,322973.000000,0.237382,21.634239
training,20568,21833736.000000,149.000000,88.000000,210501.000000,0.154716,19.230047
training,20569,17484594.000000,168.000000,79.000000,311498.000000,0.228948,21.068800
training,20570,23446208.000000,167.000000,90.000000,205480.000000,0.151026,19.332672
training,20571,17635908.000000,176.000000,77.000000,369336.000000,0.271458,25.000095
training,20572,17638040.000000,142.000000,72.000000,255526.000000,0.187809,20.806944
training,20573,20966030.000000,162.000000,87.000000,298187.000000,0.219164,21.712799
training,20574,19399130.000000,167.000000,78.000000,213157.000000,0.156668,20.723104
training,20575,18913816.000000,173.000000,77.000000,235975.000000,0.173439,21.448448
training,20576,17636086.000000,196.000000,77.000000,378643.000000,0.278299,24.209761
training,20577,19029428.000000,149.000000,79.000000,270449.000000,0.198777,19.043167
training,20578,16278375.000000,144.000000,75.000000,323411.000000,0.237704,20.304865
training,20579,17032824.000000,161.000000,75.000000,336252.000000,0.247142,18.700096
training,20580,16446441.000000,172.000000,74.000000,328320.000000,0.241312,20.074623
training,20581,20101264.000000,152.000000,84.000000,287860.000000,0.211574,20.894560
training,20582,18224200.000000,198.000000,79.000000,348250.000000,0.255960,26.741793
training,20583,23726688.000000,205.000000,90.000000,220706.000000,0.162217,28.513216
training,20584,19554804.000000,167.000000,80.000000,245046.000000,0.180106,27.547104
training,20585,16927824.000000,165.000000,75.000000,320856.000000,0.235826,19.577215
training,20586,18233292.000000,148.000000,74.000000,258739.000000,0.190171,18.813824
training,20587,18231284.000000,184.000000,79.000000,337992.000000,0.248421,24.410240
training,20588,18190752.000000,172.000000,78.000000,299313.000000,0.219992,16.292288
training,20589,16317792.000000,164.000000,74.000000,317745.000000,0.233539,19.493280
training,20590,23745056.000000,165.000000,91.000000,201195.000000,0.147876,19.846720
training,20591,18759688.000000,144.000000,76.000000,272325.000000,0.200156,17.617504
training,20592,17558976.000000,148.000000,72.000000,253653.000000,0.186432,17.531616
training,20593,18555160.000000,145.000000,79.000000,332037.000000,0.244044,18.785728
training,20594,18906852.000000,163.000000,78.000000,232777.000000,0.171089,21.786816
training,20595,20813832.000000,144.000000,90.000000,287512.000000,0.211318,20.843040
training,20596,22302872.000000,157.000000,87.000000,209883.000000,0.154262,21.292353
training,20597,21014448.000000,148.000000,84.000000,213734.000000,0.157092,19.398111
training,20598,20666852.000000,204.000000,84.000000,248475.000000,0.182627,26.744831
training,20599,18465804.000000,194.000000,78.000000,351201.000000,0.258129,33.959328
training,20600,18519492.000000,200.000000,81.000000,264685.000000,0.194541,27.937952
training,20601,18131324.000000,166.000000,80.000000,320230.000000,0.235366,19.628672
training,20602,19782972.000000,199.000000,84.000000,288936.000000,0.212365,21.661247
training,20603,17829014.000000,145.000000,77.000000,294949.000000,0.216785,18.739679
training,20604,20100658.000000,203.000000,83.000000,252185.000000,0.185353,27.190559
training,20605,17236176.000000,146.000000,79.000000,284742.000000,0.209282,18.295391
training,20606,20393782.000000,152.000000,83.000000,341181.000000,0.250765,21.064352
training,20607,20665364.000000,157.000000,84.000000,225802.000000,0.165962,18.986496
training,20608,22421216.000000,157.000000,88.000000,202406.000000,0.148766,20.799553
training,20609,17785692.000000,163.000000,79.000000,316419.000000,0.232565,20.814816
training,20610,20201512.000000,161.000000,87.000000,305634.000000,0.224638,23.822111
training,20611,19872968.000000,148.000000,81.000000,337222.000000,0.247855,19.987968
training,20612,17520436.000000,146.000000,80.000000,303459.000000,0.223039,18.400064
training,20613,21358214.000000,165.000000,88.000000,292744.000000,0.215164,22.217089
training,20614,18454382.000000,145.000000,79.000000,339685.000000,0.249665,20.952991
training,20615,20835776.000000,147.000000,84.000000,220757.000000,0.162254,18.069824
training,20616,18568828.000000,159.000000,77.000000,331196.000000,0.243426,21.552383
training,20617,22344330.000000,163.000000,88.000000,248571.000000,0.182697,27.329216
training,20618,18847456.000000,196.000000,79.000000,261921.000000,0.192509,24.379553
training,20619,17126232.000000,171.000000,75.000000,370518.000000,0.272327,25.943935
training,20620,19123568.000000,156.000000,83.000000,305464.000000,0.224513,19.555424
training,20621,19226872.000000,172.000000,78.000000,218575.000000,0.160650,20.476768
training,20622,19797120.000000,155.000000,81.000000,326801.000000,0.240195,19.181919
training,20623,19033628.000000,178.000000,82.000000,300033.000000,0.220521,22.461824
training,20624,22132348.000000,193.000000,89.000000,282114.000000,0.207351,23.959553
training,20625,21151956.000000,196.000000,85.000000,247212.000000,0.181698,29.845921
training,20626,18239072.000000,180.000000,78.000000,333231.000000,0.244921,17.349537
training,20627,19774232.000000,164.000000,80.000000,221875.000000,0.163076,19.525024
training,20628,18410300.000000,149.000000,78.000000,282297.000000,0.207485,17.631519
training,20629,20024832.000000,187.000000,85.000000,281455.000000,0.206867,25.208544
training,20630,20236756.000000,150.000000,90.000000,284042.000000,0.208768,19.463680
training,20631,18428876.000000,138.000000,79.000000,338077.000000,0.248483,19.897888
training,20632,19657804.000000,186.000000,83.000000,283624.000000,0.208461,23.199936
training,20633,18585254.000000,167.000000,79.000000,290754.000000,0.213701,18.766752
training,20634,18289400.000000,146.000000,78.000000,317800.000000,0.233580,18.481792
training,20635,16777822.000000,173.000000,75.000000,337148.000000,0.247800,20.043520
training,20636,19686552.000000,173.000000,87.000000,305101.000000,0.224246,25.290625
training,20637,22772132.000000,151.000000,90.000000,210977.000000,0.155066,21.930176
training,20638,20384994.000000,164.000000,82.000000,312659.000000,0.229801,21.618431
training,20639,20495484.000000,156.000000,86.000000,304815.000000,0.224036,18.781601
training,20640,19875520.000000,150.000000,87.000000,295829.000000,0.217431,20.108831
training,20641,22342144.000000,165.000000,88.000000,243528.000000,0.178991,24.887487
training,20642,21287198.000000,158.000000,84.000000,331836.000000,0.243896,22.556896
training,20643,21365604.000000,173.000000,88.000000,286328.000000,0.210448,26.919519
training,20644,17010184.000000,148.000000,76.000000,335489.000000,0.246581,16.363712
training,20645,17914752.000000,155.000000,79.000000,311726.000000,0.229115,20.904257
training,20646,17102208.000000,149.000000,77.000000,316263.000000,0.232450,18.314816
training,20647,17098908.000000,163.000000,77.000000,306608.000000,0.225354,20.896095
training,20648,20419822.000000,144.000000,87.000000,216445.000000,0.159085,24.465216
training,20649,18866634.000000,180.000000,84.000000,307825.000000,0.226248,26.449505
training,20650,20455636.000000,149.000000,84.000000,212749.000000,0.156368,21.675776
training,20651,18304630.000000,145.000000,81.000000,301769.000000,0.221797,19.585665
training,20652,20944618.000000,156.000000,85.000000,335248.000000,0.246404,24.381792
training,20653,21739064.000000,154.000000,87.000000,212675.000000,0.156314,21.500799
training,20654,18507308.000000,187.000000,80.000000,327530.000000,0.240731,25.742945
training,20655,19526612.000000,205.000000,82.000000,237565.000000,0.174608,23.452991
training,20656,22734832.000000,165.000000,89.000000,243768.000000,0.179167,23.358496
training,20657,19368440.000000,153.000000,81.000000,301888.000000,0.221885,18.232449
training,20658,21257360.000000,156.000000,84.000000,227098.000000,0.166915,19.737761
training,20659,16183152.000000,142.000000,75.000000,314169.000000,0.230911,19.705889
training,20660,22266288.000000,158.000000,87.000000,211095.000000,0.155153,20.718336
training,20661,18236984.000000,195.000000,77.000000,366921.000000,0.269683,35.321312
training,20662,20722976.000000,165.000000,82.000000,328358.000000,0.241340,18.900225
training,20663,17531664.000000,195.000000,76.000000,379905.000000,0.279226,29.540895
training,20664,19204764.000000,150.000000,79.000000,340232.000000,0.250067,18.732704
training,20665,17243828.000000,136.000000,79.000000,267789.000000,0.196822,20.150305
training,20666,17749800.000000,185.000000,77.000000,374632.000000,0.275351,34.251362
training,20667,17807866.000000,183.000000,77.000000,351406.000000,0.258280,20.415009
training,20668,17715798.000000,152.000000,77.000000,326685.000000,0.240110,18.079935
training,20669,17756418.000000,153.000000,79.000000,343322.000000,0.252338,22.731585
training,20670,17540492.000000,146.000000,78.000000,317758.000000,0.233549,20.911455
training,20671,18952264.000000,169.000000,81.000000,336280.000000,0.247162,20.251488
training,20672,22384744.000000,147.000000,86.000000,211752.000000,0.155636,19.302849
training,20673,20158744.000000,149.000000,81.000000,221465.000000,0.162775,18.372225
training,20674,17666520.000000,200.000000,78.000000,342462.000000,0.251706,23.531744
training,20675,22540678.000000,166.000000,89.000000,233467.000000,0.171596,23.573120
training,20676,17721692.000000,168.000000,77.000000,333431.000000,0.245068,16.915264
training,20677,19415596.000000,157.000000,80.000000,322328.000000,0.236908,18.661728
training,20678,19212620.000000,158.000000,80.000000,239206.000000,0.175814,22.529440
training,20679,17574080.000000,172.000000,79.000000,308826.000000,0.226984,21.162880
training,20680,22222932.000000,187.000000,89.000000,272503.000000,0.200287,25.687872
training,20681,23170222.000000,213.000000,88.000000,215932.000000,0.158708,29.985121
training,20682,19771048.000000,160.000000,84.000000,267875.000000,0.196885,19.225056
training,20683,16579358.000000,153.000000,76.000000,334307.000000,0.245712,21.462080
training,20684,18461508.000000,163.000000,78.000000,324296.000000,0.238354,19.660736
training,20685,18983036.000000,170.000000,79.000000,247074.000000,0.181597,21.055489
training,20686,18498912.000000,150.000000,76.000000,279813.000000,0.205660,18.342049
training,20687,17497880.000000,143.000000,71.000000,250398.000000,0.184040,20.315552
training,20688,20546886.000000,196.000000,87.000000,309305.000000,0.227336,22.231327
training,20689,19280860.000000,164.000000,81.000000,243344.000000,0.178855,21.265535
training,20690,19967582.000000,160.000000,84.000000,216559.000000,0.159169,22.804544
training,20691,21415378.000000,162.000000,86.000000,217209.000000,0.159646,18.181473
training,20692,17415356.000000,169.000000,76.000000,328361.000000,0.241342,19.408895
training,20693,18333394.000000,156.000000,80.000000,319422.000000,0.234772,19.178400
training,20694,20012344.000000,172.000000,85.000000,319204.000000,0.234612,22.393312
training,20695,20296592.000000,199.000000,86.000000,294830.000000,0.216697,24.888224
training,20696,18031380.000000,158.000000,78.000000,342430.000000,0.251683,22.465664
training,20697,17998636.000000,144.000000,73.000000,259370.000000,0.190634,16.139233
training,20698,18948628.000000,160.000000,82.000000,342098.000000,0.251439,21.508320
training,20699,21557022.000000,159.000000,87.000000,250806.000000,0.184340,25.258816
training,20700,19788516.000000,159.000000,80.000000,298148.000000,0.219136,19.331968
training,20701,17907076.000000,208.000000,76.000000,363841.000000,0.267419,27.210592
training,20702,20221546.000000,151.000000,82.000000,218887.000000,0.160880,18.745760
training,20703,17220456.000000,151.000000,78.000000,311626.000000,0.229042,23.445152
training,20704,17971658.000000,151.000000,81.000000,269265.000000,0.197907,20.144480
training,20705,22500592.000000,163.000000,89.000000,246906.000000,0.181473,21.605087
training,20706,19423392.000000,168.000000,83.000000,314819.000000,0.231389,21.453760
training,20707,16963768.000000,147.000000,75.000000,327918.000000,0.241016,16.275360
training,20708,21520878.000000,147.000000,88.000000,291117.000000,0.213968,22.157536
training,20709,17363940.000000,158.000000,78.000000,339251.000000,0.249346,21.770559
training,20710,17519320.000000,173.000000,76.000000,343627.000000,0.252562,19.173311
training,20711,20130916.000000,189.000000,83.000000,251296.000000,0.184700,30.151552
training,20712,17680544.000000,156.000000,76.000000,330746.000000,0.243095,20.904961
training,20713,17971824.000000,152.000000,80.000000,315593.000000,0.231958,19.528864
training,20714,19719552.000000,169.000000,83.000000,317965.000000,0.233701,21.090401
training,20715,19841878.000000,152.000000,84.000000,282137.000000,0.207368,21.332735
training,20716,22808510.000000,158.000000,89.000000,207652.000000,0.152622,23.341057
training,20717,18322664.000000,183.000000,77.000000,361019.000000,0.265345,26.915199
training,20718,18333624.000000,155.000000,78.000000,337849.000000,0.248316,20.594561
training,20719,19901236.000000,157.000000,83.000000,237307.000000,0.174418,23.103104
training,20720,16426707.000000,152.000000,76.000000,301185.000000,0.221368,17.078753
training,20721,17168624.000000,161.000000,75.000000,333410.000000,0.245053,19.052256
training,20722,22388006.000000,196.000000,90.000000,251308.000000,0.184709,22.818913
training,20723,21861750.000000,150.000000,87.000000,212724.000000,0.156350,21.536736
training,20724,17533306.000000,140.000000,72.000000,257535.000000,0.189286,21.446207
training,20725,22394194.000000,182.000000,87.000000,229331.000000,0.168556,22.132320
training,20726,19522752.000000,152.000000,84.000000,286159.000000,0.210324,21.762497
training,20727,19929036.000000,153.000000,84.000000,311927.000000,0.229263,19.325312
training,20728,18468724.000000,222.000000,78.000000,370054.000000,0.271986,35.486305
training,20729,19690920.000000,179.000000,82.000000,241333.000000,0.177377,20.998304
training,20730,18421272.000000,193.000000,80.000000,330216.000000,0.242705,29.472736
training,20731,16963934.000000,160.000000,78.000000,333546.000000,0.245153,21.520609
training,20732,21461204.000000,142.000000,85.000000,226142.000000,0.166212,17.813696
training,20733,19972684.000000,163.000000,83.000000,223130.000000,0.163998,20.326496
training,20734,17187120.000000,174.000000,75.000000,327793.000000,0.240925,21.218592
training,20735,19052430.000000,182.000000,83.000000,324164.000000,0.238257,26.584768
training,20736,19008376.000000,159.000000,79.000000,247439.000000,0.181865,19.246336
training,20737,17945320.000000,178.000000,78.000000,360897.000000,0.265256,27.273825
training,20738,18397064.000000,149.000000,75.000000,275356.000000,0.202384,18.534945
training,20739,20040252.000000,153.000000,83.000000,234947.000000,0.172684,23.073376
training,20740,21285700.000000,152.000000,89.000000,295805.000000,0.217414,22.122623
training,20741,17533464.000000,161.000000,71.000000,253621.000000,0.186409,18.437696
training,20742,22957880.000000,197.000000,92.000000,258628.000000,0.190089,24.692575
training,20743,20043942.000000,168.000000,84.000000,230703.000000,0.169564,20.091999
training,20744,18795086.000000,178.000000,81.000000,311267.000000,0.228778,23.611551
training,20745,19321932.000000,160.000000,82.000000,319249.000000,0.234645,18.613983
training,20746,17406096.000000,148.000000,79.000000,304464.000000,0.223778,20.472576
training,20747,18460880.000000,166.000000,77.000000,320208.000000,0.235350,17.925344
training,20748,19368988.000000,174.000000,83.000000,287083.000000,0.211003,22.557632
training,20749,20071302.000000,183.000000,84.000000,292752.000000,0.215170,18.332993
training,20750,17527880.000000,143.000000,77.000000,341768.000000,0.251196,19.865919
training,20751,17516720.000000,148.000000,78.000000,316114.000000,0.232341,18.964417
training,20752,17274020.000000,157.000000,78.000000,336692.000000,0.247465,21.001152
training,20753,17888712.000000,165.000000,77.000000,297236.000000,0.218465,17.315712
training,20754,18800492.000000,164.000000,77.000000,239601.000000,0.176104,19.801727
training,20755,21178008.000000,172.000000,86.000000,247577.000000,0.181967,26.163168
training,20756,19531116.000000,160.000000,82.000000,233974.000000,0.171969,17.655745
training,20757,19683904.000000,178.000000,82.000000,299045.000000,0.219795,19.191423
training,20758,18459544.000000,163.000000,80.000000,331077.000000,0.243338,19.819937
training,20759,19944256.000000,172.000000,85.000000,325525.000000,0.239258,22.417025
training,20760,17832602.000000,159.000000,77.000000,296826.000000,0.218164,17.982336
training,20761,17873926.000000,173.000000,77.000000,299763.000000,0.220323,17.251455
training,20762,18439652.000000,194.000000,80.000000,331155.000000,0.243396,23.731457
training,20763,22270012.000000,147.000000,88.000000,208194.000000,0.153020,19.561312
training,20764,18488440.000000,185.000000,78.000000,363493.000000,0.267164,30.216608
training,20765,17549984.000000,173.000000,77.000000,368387.000000,0.270761,25.224833
training,20766,18131236.000000,200.000000,78.000000,347291.000000,0.255255,23.406336
training,20767,20006816.000000,190.000000,82.000000,251651.000000,0.184961,27.262913
training,20768,16790532.000000,160.000000,75.000000,335627.000000,0.246682,18.540640
training,20769,23156280.000000,178.000000,87.000000,214550.000000,0.157692,25.863359
training,20770,19696198.000000,162.000000,81.000000,341394.000000,0.250921,21.939169
training,20771,18489856.000000,145.000000,80.000000,316863.000000,0.232891,18.762688
training,20772,18920168.000000,169.000000,80.000000,335501.000000,0.246590,20.541632
training,20773,19087346.000000,171.000000,78.000000,218186.000000,0.160364,19.376575
training,20774,18411914.000000,140.000000,79.000000,338133.000000,0.248524,18.254848
training,20775,20747920.000000,143.000000,83.000000,220490.000000,0.162058,17.945215
training,20776,18685424.000000,149.000000,78.000000,244876.000000,0.179981,21.767616
training,20777,19924848.000000,152.000000,81.000000,209625.000000,0.154072,20.233856
training,20778,19936160.000000,162.000000,85.000000,318444.000000,0.234053,22.371008
training,20779,20324144.000000,158.000000,83.000000,212314.000000,0.156049,20.292801
training,20780,18387826.000000,189.000000,79.000000,330502.000000,0.242916,22.126400
training,20781,19277704.000000,160.000000,80.000000,241667.000000,0.177623,21.011488
training,20782,19907152.000000,148.000000,87.000000,296531.000000,0.217947,20.900415
training,20783,21428444.000000,171.000000,88.000000,286969.000000,0.210919,24.184704
training,20784,23021576.000000,196.000000,92.000000,258037.000000,0.189655,23.910303
training,20785,19351352.000000,150.000000,80.000000,261434.000000,0.192151,16.619713
training,20786,21803156.000000,175.000000,88.000000,287772.000000,0.211509,24.975201
training,20787,17166676.000000,149.000000,77.000000,316398.000000,0.232549,20.058752
training,20788,19402198.000000,165.000000,80.000000,244972.000000,0.180052,24.270847
training,20789,18301190.000000,185.000000,77.000000,362471.000000,0.266412,28.351583
training,20790,19934682.000000,150.000000,82.000000,235117.000000,0.172809,22.446815
training,20791,17936532.000000,150.000000,78.000000,340322.000000,0.250133,19.880735
training,20792,19678332.000000,153.000000,83.000000,265947.000000,0.195468,18.302015
training,20793,19325520.000000,163.000000,78.000000,213109.000000,0.156633,23.994720
training,20794,16937720.000000,150.000000,75.000000,333900.000000,0.245413,17.807297
training,20795,20399704.000000,162.000000,85.000000,304928.000000,0.224119,18.944033
training,20796,19982776.000000,174.000000,84.000000,291379.000000,0.214161,19.423391
training,20797,19256640.000000,158.000000,80.000000,313783.000000,0.230627,18.879265
training,20798,18495164.000000,166.000000,77.000000,320526.000000,0.235583,18.515968
training,20799,17047192.000000,151.000000,75.000000,326763.000000,0.240167,16.682816
training,20800,18781620.000000,166.000000,77.000000,232689.000000,0.171024,21.160671
training,20801,17499190.000000,144.000000,71.000000,249019.000000,0.183026,20.519199
training,20802,20448468.000000,153.000000,85.000000,220321.000000,0.161934,16.858047
training,20803,17483640.000000,179.000000,78.000000,308657.000000,0.226860,24.384705
training,20804,21813012.000000,154.000000,88.000000,212391.000000,0.156105,20.019072
training,20805,17323988.000000,191.000000,76.000000,379605.000000,0.279006,35.811871
training,20806,17164982.000000,174.000000,75.000000,327392.000000,0.240630,18.601152
training,20807,20256400.000000,186.000000,86.000000,292923.000000,0.215295,26.090015
training,20808,21148672.000000,187.000000,85.000000,248056.000000,0.182319,28.028769
training,20809,21422956.000000,141.000000,85.000000,226320.000000,0.166343,18.998240
training,20810,20157096.000000,148.000000,81.000000,221821.000000,0.163036,18.535904
training,20811,16914428.000000,170.000000,77.000000,306689.000000,0.225413,25.952255
training,20812,17095212.000000,162.000000,75.000000,370511.000000,0.272322,24.294399
training,20813,18343240.000000,143.000000,82.000000,302111.000000,0.222049,21.122112
training,20814,22260592.000000,149.000000,89.000000,205576.000000,0.151096,19.239777
training,20815,20209888.000000,156.000000,82.000000,341118.000000,0.250718,20.811359
training,20816,23487408.000000,187.000000,89.000000,215577.000000,0.158447,22.850016
training,20817,21185432.000000,142.000000,84.000000,212742.000000,0.156363,18.398111
training,20818,20352620.000000,151.000000,82.000000,215319.000000,0.158257,17.196960
training,20819,18303608.000000,179.000000,79.000000,326354.000000,0.239867,24.657824
training,20820,19037168.000000,179.000000,83.000000,324034.000000,0.238162,28.981920
training,20821,20330420.000000,160.000000,82.000000,312527.000000,0.229704,19.500576
training,20822,19730744.000000,176.000000,83.000000,316554.000000,0.232664,21.088352
training,20823,17392180.000000,142.000000,77.000000,342050.000000,0.251403,18.907295
training,20824,18373044.000000,164.000000,80.000000,330340.000000,0.242797,21.741665
training,20825,21631690.000000,160.000000,87.000000,250368.000000,0.184018,26.004032
training,20826,16886440.000000,159.000000,75.000000,335216.000000,0.246380,18.532801
training,20827,22282076.000000,160.000000,88.000000,244056.000000,0.179379,22.827232
training,20828,17726092.000000,170.000000,77.000000,296439.000000,0.217880,16.695520
training,20829,17455878.000000,143.000000,71.000000,255167.000000,0.187545,18.753216
training,20830,18181044.000000,149.000000,77.000000,317379.000000,0.233270,18.303808
training,20831,21611292.000000,156.000000,86.000000,212622.000000,0.156275,18.248735
training,20832,18135756.000000,183.000000,77.000000,332629.000000,0.244479,18.957216
training,20833,19578376.000000,178.000000,88.000000,305824.000000,0.224778,25.131905
training,20834,19826984.000000,151.000000,84.000000,281930.000000,0.207216,21.032160
training,20835,19680208.000000,145.000000,80.000000,337031.000000,0.247714,19.791231
training,20836,20652464.000000,154.000000,83.000000,332433.000000,0.244335,21.339264
training,20837,19738908.000000,160.000000,81.000000,298097.000000,0.219098,20.072800
training,20838,18440468.000000,152.000000,79.000000,331784.000000,0.243858,19.632608
training,20839,16396034.000000,171.000000,74.000000,327767.000000,0.240905,19.997313
training,20840,22105726.000000,188.000000,87.000000,234082.000000,0.172048,26.650593
training,20841,18284664.000000,149.000000,75.000000,274652.000000,0.201866,19.013920
training,20842,19092460.000000,169.000000,82.000000,330546.000000,0.242948,24.431904
training,20843,17942408.000000,173.000000,80.000000,267999.000000,0.196977,26.109695
training,20844,17438380.000000,150.000000,71.000000,253817.000000,0.186553,19.365152
training,20845,17251350.000000,160.000000,78.000000,336767.000000,0.247520,22.607040
training,20846,20106400.000000,167.000000,86.000000,310232.000000,0.228017,20.125120
training,20847,20044118.000000,176.000000,85.000000,311644.000000,0.229055,21.937088
training,20848,17560052.000000,196.000000,76.000000,378100.000000,0.277900,26.202911
training,20849,19048264.000000,160.000000,81.000000,323271.000000,0.237601,21.029312
training,20850,18006890.000000,166.000000,78.000000,298702.000000,0.219543,17.205952
training,20851,17493664.000000,145.000000,78.000000,315901.000000,0.232184,18.987776
training,20852,17835788.000000,173.000000,77.000000,349769.000000,0.257077,24.476801
training,20853,17155882.000000,143.000000,79.000000,284636.000000,0.209205,18.756321
training,20854,17937024.000000,165.000000,77.000000,317720.000000,0.233521,17.269535
training,20855,22137776.000000,150.000000,87.000000,209669.000000,0.154105,19.264288
training,20856,19940548.000000,167.000000,87.000000,305157.000000,0.224287,23.288736
training,20857,22202132.000000,156.000000,88.000000,249185.000000,0.183148,27.380320
training,20858,20031346.000000,191.000000,82.000000,251327.000000,0.184723,24.992577
training,20859,19651956.000000,155.000000,81.000000,326780.000000,0.240180,21.161888
training,20860,18198648.000000,152.000000,78.000000,337393.000000,0.247980,21.198336
training,20861,19748800.000000,175.000000,84.000000,325109.000000,0.238952,20.529823
training,20862,20520074.000000,204.000000,83.000000,248803.000000,0.182868,25.799265
training,20863,17670924.000000,205.000000,78.000000,345052.000000,0.253610,20.581312
training,20864,22204636.000000,145.000000,88.000000,208280.000000,0.153084,20.409664
training,20865,20500618.000000,166.000000,82.000000,326901.000000,0.240269,18.212353
training,20866,19939120.000000,149.000000,84.000000,287388.000000,0.211227,20.491743
training,20867,16485870.000000,150.000000,76.000000,333980.000000,0.245472,21.976513
training,20868,21227808.000000,161.000000,87.000000,292691.000000,0.215125,22.553057
training,20869,19486866.000000,198.000000,82.000000,237796.000000,0.174778,26.203136
training,20870,17674688.000000,147.000000,81.000000,302527.000000,0.222354,22.057953
training,20871,22560960.000000,192.000000,90.000000,266050.000000,0.195544,26.749760
training,20872,16346210.000000,156.000000,76.000000,300829.000000,0.221106,19.777536
training,20873,22205850.000000,182.000000,89.000000,272113.000000,0.200000,25.255487
training,20874,22539036.000000,170.000000,90.000000,237027.000000,0.174212,21.597631
training,20875,21313128.000000,152.000000,86.000000,216648.000000,0.159234,17.958080
training,20876,18801270.000000,174.000000,77.000000,235740.000000,0.173267,25.514015
training,20877,17274096.000000,160.000000,78.000000,311706.000000,0.229101,24.082497
training,20878,18029196.000000,150.000000,74.000000,258720.000000,0.190157,17.207935
training,20879,22711594.000000,160.000000,89.000000,207804.000000,0.152734,22.786880
training,20880,19030188.000000,148.000000,78.000000,338970.000000,0.249140,19.256033
training,20881,21164272.000000,156.000000,84.000000,331863.000000,0.243916,20.991615
training,20882,18139672.000000,185.000000,76.000000,359776.000000,0.264432,28.415232
training,20883,17583712.000000,146.000000,78.000000,317902.000000,0.233655,18.800833
training,20884,22350340.000000,202.000000,91.000000,250580.000000,0.184174,25.369375
training,20885,18196016.000000,208.000000,79.000000,344921.000000,0.253513,22.230207
training,20886,22433682.000000,194.000000,87.000000,229904.000000,0.168977,29.613504
training,20887,21213826.000000,164.000000,85.000000,331088.000000,0.243346,22.492352
training,20888,18006132.000000,147.000000,73.000000,259275.000000,0.190564,18.030336
training,20889,23143480.000000,159.000000,90.000000,198988.000000,0.146254,20.063841
training,20890,17540856.000000,150.000000,80.000000,303248.000000,0.222884,19.135872
training,20891,22304248.000000,163.000000,87.000000,211576.000000,0.155506,20.467039
training,20892,18301324.000000,194.000000,77.000000,349973.000000,0.257227,29.388832
training,20893,21271470.000000,151.000000,89.000000,295321.000000,0.217058,21.466368
training,20894,18827936.000000,171.000000,79.000000,247997.000000,0.182275,25.435232
training,20895,18912076.000000,161.000000,82.000000,341481.000000,0.250985,23.549055
training,20896,20649218.000000,161.000000,83.000000,225949.000000,0.166070,20.219328
training,20897,19888300.000000,160.000000,84.000000,277748.000000,0.204142,18.511808
training,20898,17817712.000000,182.000000,78.000000,359617.000000,0.264315,27.092833
training,20899,19457562.000000,161.000000,83.000000,312937.000000,0.230006,23.386623
training,20900,18289776.000000,188.000000,79.000000,328310.000000,0.241305,32.700161
training,20901,19723972.000000,154.000000,83.000000,229473.000000,0.168660,22.993536
training,20902,19841760.000000,170.000000,83.000000,237639.000000,0.174662,27.686625
training,20903,18435296.000000,164.000000,78.000000,323484.000000,0.237757,18.615456
training,20904,17582188.000000,147.000000,76.000000,345044.000000,0.253604,20.254944
training,20905,19395498.000000,160.000000,80.000000,321687.000000,0.236437,20.186239
training,20906,17317324.000000,147.000000,79.000000,304119.000000,0.223524,18.650881
training,20907,17960820.000000,154.000000,80.000000,340042.000000,0.249927,24.317951
training,20908,19435736.000000,163.000000,81.000000,234572.000000,0.172408,20.437153
training,20909,16864368.000000,152.000000,78.000000,333130.000000,0.244847,22.070112
training,20910,17736140.000000,174.000000,79.000000,318181.000000,0.233860,21.234337
training,20911,18633200.000000,179.000000,84.000000,306280.000000,0.225113,24.059361
training,20912,17599536.000000,163.000000,77.000000,332161.000000,0.244135,19.067553
training,20913,19894436.000000,179.000000,84.000000,281464.000000,0.206873,25.141376
training,20914,18060806.000000,173.000000,78.000000,337320.000000,0.247927,24.516577
training,20915,21493312.000000,150.000000,86.000000,209848.000000,0.154236,18.940351
training,20916,19423416.000000,148.000000,83.000000,285286.000000,0.209682,22.632864
training,20917,19031368.000000,146.000000,79.000000,340322.000000,0.250133,23.229055
training,20918,18244868.000000,154.000000,80.000000,318633.000000,0.234192,19.932096
training,20919,17708928.000000,149.000000,71.000000,259225.000000,0.190528,15.710656
training,20920,19060658.000000,158.000000,80.000000,321752.000000,0.236484,20.942656
training,20921,17410204.000000,189.000000,76.000000,343148.000000,0.252210,19.677696
training,20922,18945542.000000,165.000000,79.000000,246858.000000,0.181438,22.559809
training,20923,17360568.000000,150.000000,79.000000,273301.000000,0.200873,19.837952
training,20924,17412072.000000,166.000000,76.000000,328090.000000,0.241143,18.149952
training,20925,20791310.000000,176.000000,84.000000,247932.000000,0.182228,25.149920
training,20926,23408112.000000,212.000000,88.000000,220635.000000,0.162164,26.671776
training,20927,18661088.000000,159.000000,77.000000,269117.000000,0.197798,19.881760
training,20928,20041488.000000,178.000000,84.000000,231875.000000,0.170426,17.659807
training,20929,17265512.000000,160.000000,78.000000,338326.000000,0.248666,21.166464
training,20930,21045840.000000,154.000000,84.000000,227164.000000,0.166963,17.965471
training,20931,17588616.000000,150.000000,76.000000,325377.000000,0.239149,18.630816
training,20932,20810828.000000,158.000000,85.000000,333725.000000,0.245284,22.113600
training,20933,18227284.000000,145.000000,74.000000,262087.000000,0.192631,16.801985
training,20934,19717700.000000,189.000000,84.000000,288925.000000,0.212357,22.550913
training,20935,17140548.000000,146.000000,78.000000,299803.000000,0.220352,19.622080
training,20936,18441048.000000,149.000000,77.000000,332833.000000,0.244629,19.064800
training,20937,19156736.000000,162.000000,81.000000,318692.000000,0.234235,17.872992
training,20938,17483910.000000,138.000000,72.000000,257264.000000,0.189086,19.807297
training,20939,21223088.000000,172.000000,85.000000,247559.000000,0.181953,21.662560
training,20940,20792854.000000,148.000000,83.000000,213174.000000,0.156681,16.928415
training,20941,20157872.000000,155.000000,89.000000,283894.000000,0.208659,20.485023
training,20942,17662592.000000,154.000000,78.000000,310876.000000,0.228491,17.901728
training,20943,17896016.000000,173.000000,80.000000,320712.000000,0.235720,23.098047
training,20944,23043460.000000,159.000000,90.000000,204848.000000,0.150561,21.586016
training,20945,17792886.000000,144.000000,80.000000,268432.000000,0.197295,20.247456
training,20946,18594548.000000,177.000000,80.000000,310393.000000,0.228136,23.134912
training,20947,22614092.000000,164.000000,89.000000,242607.000000,0.178314,26.929855
training,20948,18240404.000000,148.000000,77.000000,282552.000000,0.207673,17.757696
training,20949,19199632.000000,160.000000,81.000000,328680.000000,0.241576,22.562880
training,20950,18815976.000000,146.000000,78.000000,269196.000000,0.197856,18.398209
training,20951,17289552.000000,146.000000,76.000000,336300.000000,0.247177,19.582848
training,20952,18498770.000000,157.000000,80.000000,344371.000000,0.253109,28.156448
training,20953,20317120.000000,143.000000,86.000000,216268.000000,0.158955,19.805599
training,20954,22375594.000000,150.000000,87.000000,209562.000000,0.154026,20.127935
training,20955,17522352.000000,160.000000,76.000000,329396.000000,0.242103,18.022305
training,20956,21961448.000000,195.000000,88.000000,281659.000000,0.207016,24.817984
training,20957,19881864.000000,146.000000,84.000000,216027.000000,0.158778,23.405151
training,20958,22376164.000000,150.000000,88.000000,202215.000000,0.148626,20.911840
training,20959,19488114.000000,161.000000,81.000000,260319.000000,0.191332,18.103071
training,20960,17241540.000000,146.000000,79.000000,267548.000000,0.196645,18.524639
training,20961,19548666.000000,180.000000,82.000000,298318.000000,0.219261,17.884480
training,20962,18769176.000000,183.000000,79.000000,261231.000000,0.192002,25.322016
training,20963,23135432.000000,200.000000,88.000000,215762.000000,0.158583,27.400736
training,20964,17400824.000000,145.000000,71.000000,253920.000000,0.186629,19.679712
training,20965,19120660.000000,161.000000,80.000000,237740.000000,0.174736,16.866240
training,20966,18958164.000000,192.000000,82.000000,333199.000000,0.244898,29.994080
training,20967,18646780.000000,152.000000,80.000000,319683.000000,0.234964,20.957855
training,20968,22544748.000000,160.000000,89.000000,210721.000000,0.154878,18.866753
training,20969,20188164.000000,151.000000,81.000000,218676.000000,0.160725,18.617184
training,20970,20196532.000000,141.000000,80.000000,220445.000000,0.162025,18.230080
training,20971,16761483.000000,173.000000,75.000000,319991.000000,0.235190,21.950624
training,20972,22051386.000000,163.000000,86.000000,212543.000000,0.156217,21.996511
training,20973,19720070.000000,155.000000,80.000000,221768.000000,0.162997,18.173952
training,20974,20715710.000000,147.000000,89.000000,286396.000000,0.210498,19.882368
training,20975,18451148.000000,161.000000,78.000000,290852.000000,0.213773,17.346592
training,20976,17777740.000000,173.000000,77.000000,299120.000000,0.219850,17.250048
training,20977,17844478.000000,149.000000,79.000000,314867.000000,0.231424,20.367489
training,20978,16133570.000000,145.000000,75.000000,313765.000000,0.230614,20.376896
training,20979,17878760.000000,190.000000,77.000000,365621.000000,0.268728,33.841152
training,20980,18785488.000000,182.000000,77.000000,239971.000000,0.176376,23.380096
training,20981,17556412.000000,205.000000,77.000000,340435.000000,0.250216,20.574177
training,20982,22552592.000000,165.000000,89.000000,232665.000000,0.171006,24.650240
training,20983,22283418.000000,149.000000,86.000000,211931.000000,0.155767,18.377344
training,20984,20887452.000000,177.000000,87.000000,287087.000000,0.211006,24.681503
training,20985,22620596.000000,195.000000,86.000000,214965.000000,0.157997,24.404160
training,20986,18730032.000000,169.000000,80.000000,326585.000000,0.240037,21.389088
training,20987,18484906.000000,151.000000,75.000000,270938.000000,0.199137,18.800640
training,20988,19152408.000000,153.000000,80.000000,300236.000000,0.220670,19.133856
training,20989,20759230.000000,164.000000,86.000000,296972.000000,0.218271,20.984703
training,20990,16200117.000000,149.000000,75.000000,322183.000000,0.236801,20.033825
training,20991,16038303.000000,159.000000,73.000000,316498.000000,0.232623,19.922560
training,20992,17019878.000000,159.000000,75.000000,332619.000000,0.244472,17.943968
training,20993,20410892.000000,178.000000,87.000000,307416.000000,0.225948,23.574881
training,20994,21419610.000000,145.000000,88.000000,289684.000000,0.212915,22.005377
training,20995,17385356.000000,166.000000,78.000000,309923.000000,0.227790,20.335199
training,20996,19793296.000000,154.000000,84.000000,310791.000000,0.228428,18.050465
training,20997,16888368.000000,171.000000,74.000000,370030.000000,0.271968,27.564705
training,20998,17888710.000000,208.000000,76.000000,362544.000000,0.266466,28.300991
training,20999,19744932.000000,144.000000,83.000000,277058.000000,0.203635,21.262497
training,21000,19696376.000000,173.000000,82.000000,240515.000000,0.176776,22.321728
training,21001,19261864.000000,171.000000,83.000000,286128.000000,0.210301,23.771488
training,21002,18494060.000000,141.000000,76.000000,277277.000000,0.203796,17.950239
training,21003,18958468.000000,178.000000,82.000000,299930.000000,0.220445,21.367456
training,21004,18341054.000000,140.000000,78.000000,338220.000000,0.248588,20.518944
training,21005,18491244.000000,187.000000,79.000000,319571.000000,0.234881,25.264416
training,21006,18114332.000000,153.000000,79.000000,341007.000000,0.250637,23.410015
training,21007,18403412.000000,196.000000,80.000000,263733.000000,0.193841,26.082048
training,21008,18476986.000000,153.000000,77.000000,330499.000000,0.242913,22.624992
training,21009,21788634.000000,152.000000,88.000000,207644.000000,0.152616,18.381248
training,21010,18410212.000000,212.000000,78.000000,368793.000000,0.271059,29.726751
training,21011,23414068.000000,164.000000,91.000000,200404.000000,0.147295,19.282305
training,21012,19103050.000000,158.000000,83.000000,305240.000000,0.224348,20.027361
training,21013,17763800.000000,189.000000,76.000000,372996.000000,0.274148,26.933855
training,21014,17843660.000000,154.000000,77.000000,295360.000000,0.217087,19.941313
training,21015,17728768.000000,152.000000,77.000000,293754.000000,0.215906,24.761473
training,21016,19599948.000000,189.000000,83.000000,283430.000000,0.208318,28.036257
training,21017,19849544.000000,168.000000,83.000000,222017.000000,0.163180,18.695135
training,21018,17722488.000000,152.000000,79.000000,342177.000000,0.251497,21.530081
training,21019,22429240.000000,163.000000,89.000000,245833.000000,0.180685,23.914112
training,21020,18383190.000000,185.000000,79.000000,318737.000000,0.234268,25.502880
training,21021,22360284.000000,162.000000,87.000000,209162.000000,0.153732,21.881824
training,21022,17230808.000000,138.000000,77.000000,340384.000000,0.250179,21.033440
training,21023,19486928.000000,176.000000,87.000000,303299.000000,0.222922,25.159649
training,21024,17513964.000000,144.000000,71.000000,249159.000000,0.183129,22.014496
training,21025,20117742.000000,194.000000,82.000000,250652.000000,0.184227,28.147808
training,21026,19167588.000000,165.000000,80.000000,237250.000000,0.174376,19.956991
training,21027,17838580.000000,184.000000,77.000000,359614.000000,0.264313,28.463200
training,21028,20219948.000000,159.000000,81.000000,311109.000000,0.228662,19.050655
training,21029,17474838.000000,162.000000,79.000000,309708.000000,0.227632,22.176928
training,21030,20129250.000000,153.000000,82.000000,338957.000000,0.249130,19.309153
training,21031,23042336.000000,202.000000,87.000000,215285.000000,0.158232,28.727648
training,21032,19528788.000000,172.000000,81.000000,297563.000000,0.218706,19.995008
training,21033,18246476.000000,192.000000,77.000000,348816.000000,0.256376,32.372002
training,21034,17878376.000000,187.000000,76.000000,365204.000000,0.268421,29.393345
training,21035,17885788.000000,147.000000,73.000000,258649.000000,0.190104,17.545441
training,21036,18336480.000000,146.000000,78.000000,336560.000000,0.247368,19.795040
training,21037,19745092.000000,163.000000,83.000000,276240.000000,0.203034,17.665407
training,21038,21613924.000000,175.000000,88.000000,287025.000000,0.210960,26.346081
training,21039,19157836.000000,156.000000,82.000000,318510.000000,0.234102,21.260672
training,21040,18903868.000000,182.000000,82.000000,323505.000000,0.237773,26.190817
training,21041,22226040.000000,150.000000,87.000000,201938.000000,0.148422,21.526400
training,21042,17703712.000000,196.000000,78.000000,344519.000000,0.253218,24.008224
training,21043,16815290.000000,150.000000,75.000000,333890.000000,0.245406,15.406592
training,21044,19435322.000000,151.000000,80.000000,320666.000000,0.235686,19.296480
training,21045,18695272.000000,147.000000,80.000000,319551.000000,0.234867,19.548832
training,21046,17991610.000000,146.000000,74.000000,258808.000000,0.190221,22.216192
training,21047,19715734.000000,164.000000,80.000000,296887.000000,0.218209,20.767649
training,21048,19664016.000000,174.000000,82.000000,241454.000000,0.177466,16.226784
training,21049,21099064.000000,164.000000,84.000000,329808.000000,0.242406,22.761663
training,21050,16178180.000000,171.000000,74.000000,316755.000000,0.232812,17.400673
training,21051,20350640.000000,153.000000,86.000000,304960.000000,0.224143,18.518272
training,21052,19610854.000000,190.000000,83.000000,283727.000000,0.208536,24.322271
training,21053,19080680.000000,164.000000,82.000000,329342.000000,0.242063,25.234400
training,21054,16172885.000000,147.000000,75.000000,313944.000000,0.230746,19.963167
training,21055,19922690.000000,177.000000,85.000000,310538.000000,0.228242,24.089760
training,21056,19985888.000000,146.000000,81.000000,209575.000000,0.154035,21.466047
training,21057,17599552.000000,156.000000,76.000000,329693.000000,0.242321,17.886881
training,21058,19779752.000000,162.000000,84.000000,324663.000000,0.238624,22.810495
training,21059,20187948.000000,150.000000,81.000000,221275.000000,0.162635,18.197697
training,21060,18941188.000000,172.000000,81.000000,335112.000000,0.246304,21.488096
training,21061,19934164.000000,151.000000,83.000000,216337.000000,0.159005,19.549215
training,21062,22171420.000000,152.000000,86.000000,208991.000000,0.153606,20.371904
training,21063,21030456.000000,188.000000,84.000000,247007.000000,0.181548,31.471329
training,21064,22613468.000000,168.000000,89.000000,242813.000000,0.178465,24.214624
training,21065,17145536.000000,152.000000,79.000000,284197.000000,0.208882,23.027872
training,21066,17144658.000000,148.000000,78.000000,299676.000000,0.220259,18.456032
training,21067,23419472.000000,164.000000,90.000000,200455.000000,0.147332,19.643936
training,21068,18089542.000000,181.000000,77.000000,331160.000000,0.243399,18.233152
training,21069,21116270.000000,153.000000,84.000000,329763.000000,0.242372,26.673409
training,21070,18363044.000000,144.000000,78.000000,283107.000000,0.208081,18.303265
training,21071,17336904.000000,163.000000,78.000000,311898.000000,0.229242,25.369247
training,21072,18181080.000000,207.000000,79.000000,344208.000000,0.252989,22.296127
training,21073,19560428.000000,203.000000,83.000000,288784.000000,0.212253,22.750528
training,21074,22413934.000000,167.000000,88.000000,232700.000000,0.171032,24.312704
training,21075,22961880.000000,184.000000,87.000000,214874.000000,0.157930,28.201984
training,21076,21207096.000000,184.000000,85.000000,247677.000000,0.182040,25.420799
training,21077,19378924.000000,197.000000,81.000000,237522.000000,0.174576,28.159073
training,21078,20740288.000000,170.000000,86.000000,296990.000000,0.218285,22.214815
training,21079,17479388.000000,155.000000,76.000000,345009.000000,0.253578,22.282495
training,21080,19708556.000000,148.000000,84.000000,281295.000000,0.206749,22.672352
training,21081,17432344.000000,147.000000,80.000000,302784.000000,0.222543,18.490368
training,21082,19813800.000000,150.000000,87.000000,296535.000000,0.217950,19.719969
training,21083,17412332.000000,179.000000,76.000000,342514.000000,0.251744,20.307936
training,21084,18545152.000000,167.000000,80.000000,344458.000000,0.253173,25.423008
training,21085,20071364.000000,201.000000,82.000000,252136.000000,0.185317,25.884031
training,21086,18846284.000000,188.000000,81.000000,333083.000000,0.244813,34.138271
training,21087,17467160.000000,185.000000,76.000000,373521.000000,0.274534,27.676544
training,21088,18311254.000000,164.000000,77.000000,319667.000000,0.234952,17.598080
training,21089,19249724.000000,165.000000,81.000000,234303.000000,0.172210,16.962784
training,21090,22629526.000000,202.000000,86.000000,214961.000000,0.157994,24.984608
training,21091,17581632.000000,163.000000,79.000000,317967.000000,0.233703,24.376513
training,21092,16675956.000000,165.000000,74.000000,319837.000000,0.235077,18.222240
training,21093,21993952.000000,147.000000,88.000000,205219.000000,0.150834,17.887520
training,21094,17232140.000000,155.000000,78.000000,338187.000000,0.248564,18.837729
training,21095,18247078.000000,158.000000,76.000000,330933.000000,0.243232,21.296831
training,21096,19535094.000000,145.000000,79.000000,335665.000000,0.246710,20.747360
training,21097,16547877.000000,168.000000,74.000000,335869.000000,0.246860,18.302944
training,21098,19876274.000000,150.000000,82.000000,234732.000000,0.172526,21.753952
training,21099,16980512.000000,151.000000,76.000000,315661.000000,0.232008,18.527008
training,21100,18641864.000000,177.000000,79.000000,326592.000000,0.240042,22.704992
training,21101,17279168.000000,144.000000,76.000000,336170.000000,0.247082,16.630304
training,21102,19713648.000000,149.000000,83.000000,310616.000000,0.228300,19.282751
training,21103,18399532.000000,158.000000,78.000000,292059.000000,0.214660,18.562176
training,21104,19630730.000000,157.000000,79.000000,221450.000000,0.162764,17.302336
training,21105,19827146.000000,183.000000,84.000000,280889.000000,0.206451,26.650911
training,21106,16989360.000000,169.000000,75.000000,369779.000000,0.271784,24.878592
training,21107,18563812.000000,156.000000,75.000000,272426.000000,0.200230,16.280993
training,21108,18798324.000000,166.000000,79.000000,247569.000000,0.181961,22.829344
training,21109,18176516.000000,139.000000,78.000000,338899.000000,0.249087,21.570145
training,21110,20742744.000000,152.000000,85.000000,334142.000000,0.245591,21.179329
training,21111,19635812.000000,155.000000,82.000000,229818.000000,0.168914,21.980768
training,21112,18249608.000000,183.000000,79.000000,330509.000000,0.242921,25.200768
training,21113,18138372.000000,148.000000,81.000000,301263.000000,0.221425,18.397951
training,21114,21514528.000000,163.000000,86.000000,249999.000000,0.183747,26.641825
training,21115,19086848.000000,174.000000,77.000000,217858.000000,0.160123,20.905279
training,21116,16984830.000000,158.000000,76.000000,306545.000000,0.225307,23.431583
training,21117,22462268.000000,177.000000,89.000000,236007.000000,0.173463,24.519297
training,21118,17162356.000000,149.000000,78.000000,303212.000000,0.222858,21.013184
training,21119,20072360.000000,145.000000,81.000000,218255.000000,0.160415,17.616993
training,21120,19337178.000000,169.000000,82.000000,313449.000000,0.230382,21.209856
training,21121,17476590.000000,177.000000,76.000000,368221.000000,0.270639,27.783072
training,21122,17958398.000000,162.000000,78.000000,341275.000000,0.250834,23.138847
training,21123,19628424.000000,142.000000,83.000000,276500.000000,0.203225,22.364161
training,21124,17615800.000000,142.000000,76.000000,294487.000000,0.216445,19.294559
training,21125,17405500.000000,142.000000,71.000000,254868.000000,0.187325,19.707071
training,21126,22205532.000000,193.000000,90.000000,249768.000000,0.183577,24.005632
training,21127,21297400.000000,142.000000,85.000000,225746.000000,0.165921,19.530369
training,21128,18578218.000000,150.000000,77.000000,268458.000000,0.197314,17.324545
training,21129,21300134.000000,146.000000,87.000000,289326.000000,0.212652,21.280895
training,21130,22090824.000000,187.000000,88.000000,271146.000000,0.199290,27.107264
training,21131,18756550.000000,165.000000,80.000000,322687.000000,0.237172,23.374464
training,21132,18072754.000000,183.000000,76.000000,359403.000000,0.264158,24.726591
training,21133,19774368.000000,170.000000,83.000000,236947.000000,0.174154,20.479937
training,21134,19617002.000000,180.000000,83.000000,316078.000000,0.232314,21.352257
training,21135,19161188.000000,165.000000,80.000000,242536.000000,0.178261,19.784832
training,21136,17168004.000000,144.000000,78.000000,267104.000000,0.196319,21.068577
training,21137,23273420.000000,196.000000,88.000000,214850.000000,0.157913,23.981056
training,21138,22562528.000000,152.000000,89.000000,210638.000000,0.154817,20.200960
training,21139,22545080.000000,183.000000,90.000000,264914.000000,0.194709,28.902369
training,21140,19246294.000000,166.000000,78.000000,212758.000000,0.156375,22.199425
training,21141,17754150.000000,155.000000,78.000000,310879.000000,0.228493,18.217440
training,21142,20774384.000000,151.000000,84.000000,212998.000000,0.156551,16.950304
training,21143,19499004.000000,160.000000,81.000000,260125.000000,0.191189,16.921152
training,21144,20600430.000000,143.000000,82.000000,220121.000000,0.161787,18.018944
training,21145,17782720.000000,154.000000,78.000000,314002.000000,0.230788,18.913313
training,21146,18237972.000000,145.000000,78.000000,337570.000000,0.248111,18.669697
training,21147,20209232.000000,156.000000,83.000000,211867.000000,0.155720,18.033472
training,21148,18754648.000000,188.000000,79.000000,261192.000000,0.191973,24.376192
training,21149,20454800.000000,205.000000,83.000000,248213.000000,0.182434,29.574144
training,21150,17454926.000000,170.000000,76.000000,327105.000000,0.240419,17.606016
training,21151,22004308.000000,197.000000,88.000000,281493.000000,0.206895,26.528543
training,21152,20275340.000000,187.000000,86.000000,307820.000000,0.226245,23.751553
training,21153,18237292.000000,147.000000,79.000000,315602.000000,0.231964,18.633535
training,21154,17360502.000000,187.000000,75.000000,377059.000000,0.277135,27.961248
training,21155,19423432.000000,156.000000,80.000000,340253.000000,0.250082,18.188929
training,21156,16783464.000000,155.000000,77.000000,332290.000000,0.244230,20.200544
training,21157,20132668.000000,164.000000,88.000000,283419.000000,0.208310,20.866753
training,21158,22185644.000000,146.000000,85.000000,211558.000000,0.155493,21.539488
training,21159,20878884.000000,151.000000,83.000000,226795.000000,0.166692,20.010464
training,21160,22159344.000000,194.000000,86.000000,228913.000000,0.168249,31.924000
training,21161,19730128.000000,180.000000,82.000000,290963.000000,0.213855,19.200352
training,21162,17452942.000000,200.000000,76.000000,339935.000000,0.249849,21.839712
training,21163,18368546.000000,191.000000,80.000000,263493.000000,0.193665,24.975391
training,21164,17871236.000000,172.000000,77.000000,336821.000000,0.247560,25.205889
training,21165,17407208.000000,140.000000,77.000000,316231.000000,0.232427,21.423456
training,21166,22945360.000000,160.000000,89.000000,197332.000000,0.145037,24.221056
training,21167,17015588.000000,165.000000,75.000000,326840.000000,0.240224,22.537504
training,21168,16939680.000000,161.000000,74.000000,331830.000000,0.243892,20.799616
training,21169,18776214.000000,158.000000,81.000000,340015.000000,0.249908,21.523840
training,21170,18187360.000000,153.000000,79.000000,318072.000000,0.233780,21.059296
training,21171,17861568.000000,168.000000,77.000000,296762.000000,0.218117,19.295488
training,21172,17221524.000000,145.000000,77.000000,315285.000000,0.231731,17.235456
training,21173,21900250.000000,169.000000,86.000000,212038.000000,0.155846,22.114304
training,21174,16266237.000000,159.000000,75.000000,299796.000000,0.220347,20.434849
training,21175,16420432.000000,155.000000,76.000000,333096.000000,0.244822,19.891552
training,21176,18334642.000000,167.000000,77.000000,322212.000000,0.236823,17.640896
training,21177,16243935.000000,177.000000,73.000000,326415.000000,0.239912,18.547071
training,21178,18749122.000000,162.000000,78.000000,245421.000000,0.180382,23.055937
training,21179,20621808.000000,188.000000,84.000000,247464.000000,0.181884,27.462912
training,21180,22039312.000000,147.000000,88.000000,207785.000000,0.152720,20.143265
training,21181,18453732.000000,147.000000,77.000000,330858.000000,0.243177,16.935904
training,21182,21318418.000000,143.000000,85.000000,211699.000000,0.155597,18.381569
training,21183,17595036.000000,165.000000,76.000000,330617.000000,0.243000,18.593760
training,21184,20309884.000000,159.000000,82.000000,225199.000000,0.165519,18.788511
training,21185,21055000.000000,160.000000,86.000000,291421.000000,0.214191,22.004000
training,21186,20206436.000000,155.000000,85.000000,220381.000000,0.161978,23.301920
training,21187,18279078.000000,141.000000,75.000000,276656.000000,0.203339,16.425377
training,21188,18558508.000000,173.000000,80.000000,309575.000000,0.227534,21.876736
training,21189,17585540.000000,171.000000,76.000000,295262.000000,0.217015,19.038944
training,21190,17814264.000000,144.000000,80.000000,267941.000000,0.196934,21.857216
training,21191,17698624.000000,163.000000,76.000000,297816.000000,0.218892,16.615168
training,21192,17343612.000000,140.000000,71.000000,255938.000000,0.188112,19.845087
training,21193,16203045.000000,143.000000,74.000000,321761.000000,0.236491,19.099457
training,21194,17597072.000000,146.000000,80.000000,301003.000000,0.221234,19.234177
training,21195,19953244.000000,144.000000,79.000000,219971.000000,0.161676,17.329824
training,21196,17911838.000000,201.000000,77.000000,346083.000000,0.254368,24.217279
training,21197,17882360.000000,173.000000,79.000000,320250.000000,0.235381,22.576704
training,21198,16752669.000000,173.000000,74.000000,369279.000000,0.271416,23.327456
training,21199,18597028.000000,171.000000,76.000000,232189.000000,0.170657,23.052223
training,21200,17783186.000000,209.000000,76.000000,361809.000000,0.265926,34.235489
training,21201,21241196.000000,175.000000,88.000000,285811.000000,0.210068,24.534401
training,21202,20268912.000000,168.000000,87.000000,304081.000000,0.223496,24.041632
training,21203,19228600.000000,168.000000,79.000000,244260.000000,0.179529,26.504000
training,21204,17869412.000000,161.000000,79.000000,338784.000000,0.249003,24.131935
training,21205,22258216.000000,170.000000,87.000000,243289.000000,0.178815,24.234272
training,21206,19017264.000000,144.000000,78.000000,336904.000000,0.247621,16.752480
training,21207,20025176.000000,193.000000,85.000000,292760.000000,0.215176,21.287392
training,21208,19838948.000000,150.000000,83.000000,286254.000000,0.210394,21.983648
training,21209,19196144.000000,165.000000,83.000000,285914.000000,0.210144,24.483744
training,21210,18161752.000000,143.000000,73.000000,261257.000000,0.192021,19.348000
training,21211,19170760.000000,155.000000,81.000000,327794.000000,0.240925,22.259552
training,21212,18251924.000000,180.000000,79.000000,324937.000000,0.238825,24.666945
training,21213,19344400.000000,148.000000,83.000000,284771.000000,0.209304,22.618624
training,21214,17594788.000000,147.000000,71.000000,257493.000000,0.189255,25.310112
training,21215,21461700.000000,146.000000,86.000000,210063.000000,0.154394,18.264000
training,21216,19139576.000000,149.000000,80.000000,300585.000000,0.220927,18.931488
training,21217,22336744.000000,168.000000,88.000000,245940.000000,0.180763,25.189247
training,21218,21728136.000000,149.000000,87.000000,208162.000000,0.152997,21.002369
training,21219,16836328.000000,161.000000,74.000000,334012.000000,0.245495,18.592960
training,21220,16838492.000000,141.000000,75.000000,326023.000000,0.239624,17.748575
training,21221,17737284.000000,152.000000,77.000000,295196.000000,0.216966,18.257696
training,21222,20479434.000000,148.000000,82.000000,330434.000000,0.242866,20.462816
training,21223,19888444.000000,166.000000,85.000000,309482.000000,0.227466,21.108671
training,21224,17374184.000000,149.000000,71.000000,252738.000000,0.185760,21.058336
training,21225,18195996.000000,152.000000,74.000000,274175.000000,0.201516,18.686369
training,21226,19963968.000000,174.000000,84.000000,230782.000000,0.169622,24.929344
training,21227,19024000.000000,157.000000,79.000000,312308.000000,0.229543,19.715040
training,21228,18939132.000000,160.000000,79.000000,339139.000000,0.249264,18.687937
training,21229,22100648.000000,195.000000,86.000000,233261.000000,0.171444,28.775393
training,21230,22636514.000000,164.000000,89.000000,207096.000000,0.152213,21.428928
training,21231,18084604.000000,142.000000,77.000000,315659.000000,0.232006,16.296225
training,21232,17567434.000000,149.000000,76.000000,324252.000000,0.238322,17.770912
training,21233,17125708.000000,155.000000,77.000000,335920.000000,0.246898,21.686111
training,21234,22775178.000000,196.000000,91.000000,257327.000000,0.189133,23.865280
training,21235,18263962.000000,218.000000,77.000000,368181.000000,0.270609,30.426208
training,21236,19209464.000000,149.000000,80.000000,261426.000000,0.192145,18.042976
training,21237,17795722.000000,171.000000,79.000000,267103.000000,0.196318,25.002625
training,21238,19027012.000000,158.000000,80.000000,320626.000000,0.235657,22.313601
training,21239,21714544.000000,144.000000,87.000000,212167.000000,0.155941,20.558880
training,21240,18286100.000000,145.000000,78.000000,330022.000000,0.242563,19.938784
training,21241,18265360.000000,163.000000,80.000000,328986.000000,0.241801,20.834368
training,21242,19580228.000000,156.000000,80.000000,325415.000000,0.239177,21.674976
training,21243,18566720.000000,178.000000,84.000000,306251.000000,0.225091,25.436319
training,21244,19840918.000000,169.000000,84.000000,317485.000000,0.233348,19.987455
training,21245,18507956.000000,164.000000,77.000000,244317.000000,0.179571,19.732384
training,21246,18686634.000000,168.000000,77.000000,239200.000000,0.175810,18.245792
training,21247,17823188.000000,155.000000,76.000000,316106.000000,0.232335,18.467968
training,21248,17317888.000000,150.000000,71.000000,252620.000000,0.185673,16.473824
training,21249,17312532.000000,148.000000,79.000000,272890.000000,0.200571,20.124096
training,21250,17704444.000000,176.000000,76.000000,348211.000000,0.255932,21.110624
training,21251,18733028.000000,140.000000,77.000000,268832.000000,0.197589,16.324928
training,21252,20369900.000000,166.000000,81.000000,325387.000000,0.239156,19.884289
training,21253,17646322.000000,157.000000,79.000000,341685.000000,0.251135,22.864897
training,21254,18202906.000000,183.000000,77.000000,362340.000000,0.266316,25.943808
training,21255,22147922.000000,158.000000,86.000000,210407.000000,0.154647,19.740095
training,21256,18101566.000000,183.000000,78.031250,328247.000000,0.241258,25.914688
training,21257,18951620.000000,152.000000,83.000000,304654.000000,0.223918,22.106432
training,21258,19449720.000000,167.000000,82.000000,265580.000000,0.195199,18.921120
training,21259,17761936.000000,139.000000,77.000000,338617.000000,0.248880,18.889185
training,21260,19660276.000000,156.000000,82.000000,221556.000000,0.162841,21.418079
training,21261,22111328.000000,165.000000,87.000000,247995.000000,0.182274,25.680544
training,21262,18652236.000000,181.000000,76.000000,235249.000000,0.172906,23.847103
training,21263,21011234.000000,147.000000,84.000000,211246.000000,0.155264,18.369951
training,21264,20151410.000000,148.000000,85.000000,215375.000000,0.158298,22.014336
training,21265,17184484.000000,203.000000,75.000000,378100.000000,0.277900,32.744576
training,21266,17392958.000000,173.000000,78.000000,306568.000000,0.225324,23.988064
training,21267,20673620.000000,146.000000,88.000000,286177.000000,0.210337,19.389055
training,21268,23181490.000000,208.000000,88.000000,219887.000000,0.161615,24.480768
training,21269,21195420.000000,168.000000,85.000000,216179.000000,0.158889,18.903969
training,21270,21112832.000000,148.000000,88.000000,294342.000000,0.216338,21.654112
training,21271,20824024.000000,175.000000,86.000000,286770.000000,0.210773,27.367744
training,21272,22790536.000000,160.000000,89.000000,203729.000000,0.149739,21.759617
training,21273,18759008.000000,178.000000,81.000000,298901.000000,0.219689,21.931936
training,21274,20232938.000000,154.000000,81.000000,214470.000000,0.157633,16.854431
training,21275,17884194.000000,163.000000,80.000000,319308.000000,0.234688,24.739489
training,21276,22798240.000000,198.000000,91.000000,257121.000000,0.188981,26.854113
training,21277,19419196.000000,168.000000,81.000000,296658.000000,0.218041,21.851423
training,21278,18247294.000000,171.000000,77.000000,319274.000000,0.234663,17.812897
training,21279,19159216.000000,149.000000,80.000000,260391.000000,0.191385,19.233919
training,21280,16289189.000000,148.000000,75.000000,299906.000000,0.220428,20.399584
training,21281,22074596.000000,146.000000,88.000000,207586.000000,0.152574,18.468544
training,21282,18229446.000000,148.000000,78.000000,329964.000000,0.242520,19.391775
training,21283,19495280.000000,164.000000,83.000000,265180.000000,0.194905,18.637600
training,21284,22041952.000000,150.000000,88.000000,204142.000000,0.150042,18.422880
training,21285,22566458.000000,159.000000,89.000000,206664.000000,0.151896,22.920992
training,21286,20943608.000000,162.000000,83.000000,226657.000000,0.166591,22.070911
training,21287,19479834.000000,148.000000,79.000000,334679.000000,0.245986,20.482271
training,21288,19372170.000000,160.000000,81.000000,259805.000000,0.190954,18.905727
training,21289,19401102.000000,159.000000,80.000000,340064.000000,0.249944,18.649920
training,21290,18332402.000000,165.000000,77.000000,322047.000000,0.236701,20.099232
training,21291,16555793.000000,169.000000,74.000000,335379.000000,0.246500,21.174688
training,21292,19001908.000000,158.000000,79.000000,312129.000000,0.229412,18.654465
training,21293,19823296.000000,189.000000,84.000000,280927.000000,0.206478,23.942976
training,21294,18691448.000000,176.000000,79.000000,247011.000000,0.181551,17.833153
training,21295,19441090.000000,183.000000,82.000000,283414.000000,0.208306,22.185728
training,21296,21398244.000000,143.000000,86.000000,209259.000000,0.153803,19.945120
training,21297,16722139.000000,170.000000,74.000000,369272.000000,0.271411,25.367840
training,21298,16654910.000000,168.000000,74.000000,319306.000000,0.234687,20.312927
training,21299,20862836.000000,152.000000,83.000000,329239.000000,0.241987,20.370497
training,21300,19756100.000000,152.000000,82.000000,286196.000000,0.210351,20.349119
training,21301,17601644.000000,151.000000,78.000000,341386.000000,0.250915,21.526688
training,21302,22163546.000000,141.000000,86.000000,211097.000000,0.155154,19.423679
training,21303,18228828.000000,155.000000,76.000000,330365.000000,0.242815,19.694431
training,21304,19578092.000000,150.000000,82.000000,280616.000000,0.206250,22.297407
training,21305,17262410.000000,145.000000,79.000000,272823.000000,0.200522,20.170944
training,21306,17774946.000000,203.000000,75.000000,361929.000000,0.266014,30.310272
training,21307,19977224.000000,145.000000,80.000000,219871.000000,0.161603,17.461920
training,21308,19811064.000000,172.000000,83.000000,230477.000000,0.169398,25.266657
training,21309,17292832.000000,169.000000,76.000000,326794.000000,0.240190,18.023520
training,21310,17992610.000000,144.000000,76.000000,315299.000000,0.231742,16.825920
training,21311,17193004.000000,139.000000,77.000000,315155.000000,0.231636,18.039488
training,21312,18781124.000000,159.000000,81.000000,339900.000000,0.249823,25.489311
training,21313,17919318.000000,184.000000,76.000000,329897.000000,0.242471,20.978687
training,21314,20465040.000000,154.000000,82.000000,224990.000000,0.165365,20.523745
training,21315,18685064.000000,185.000000,76.000000,235240.000000,0.172899,25.436865
training,21316,19919400.000000,154.000000,81.000000,337542.000000,0.248090,20.950464
training,21317,18917444.000000,156.000000,82.000000,303982.000000,0.223424,19.327808
training,21318,20863758.000000,162.000000,83.000000,328473.000000,0.241424,21.108641
training,21319,21968020.000000,161.000000,86.000000,209892.000000,0.154268,24.060928
training,21320,21312268.000000,147.000000,86.000000,211024.000000,0.155100,18.261215
training,21321,19735656.000000,167.000000,83.000000,316013.000000,0.232266,24.035423
training,21322,19055484.000000,165.000000,81.000000,285480.000000,0.209825,25.056704
training,21323,17501808.000000,165.000000,78.000000,314558.000000,0.231197,21.460993
training,21324,18741914.000000,167.000000,80.000000,296904.000000,0.218221,25.713375
training,21325,19691336.000000,149.000000,86.000000,294508.000000,0.216460,19.458015
training,21326,22723828.000000,158.000000,89.000000,203263.000000,0.149396,19.336992
training,21327,20025914.000000,190.000000,84.000000,290477.000000,0.213498,23.582336
training,21328,21405926.000000,170.000000,86.000000,248905.000000,0.182943,20.487648
training,21329,18285108.000000,168.000000,77.000000,287380.000000,0.211221,18.766785
training,21330,19123818.000000,162.000000,80.000000,326338.000000,0.239855,20.158655
training,21331,18458536.000000,156.000000,80.000000,342987.000000,0.252092,26.105312
training,21332,18667854.000000,190.000000,78.000000,260783.000000,0.191673,23.169249
training,21333,19597812.000000,164.000000,83.000000,323367.000000,0.237671,22.315584
training,21334,17175552.000000,137.000000,78.000000,266875.000000,0.196150,20.747936
training,21335,18802100.000000,197.000000,81.000000,331880.000000,0.243928,26.443935
training,21336,18343028.000000,171.000000,78.000000,317681.000000,0.233492,25.047104
training,21337,17832802.000000,148.000000,72.000000,256342.000000,0.188409,23.430431
training,21338,16903624.000000,157.000000,76.000000,304360.000000,0.223702,20.209568
training,21339,20439960.000000,154.000000,82.000000,328415.000000,0.241382,19.364096
training,21340,19316852.000000,189.000000,80.000000,236597.000000,0.173896,27.990240
training,21341,21142328.000000,164.000000,86.000000,290899.000000,0.213808,23.063969
training,21342,16838346.000000,144.000000,75.000000,332880.000000,0.244663,16.066145
training,21343,22545128.000000,188.000000,90.000000,264551.000000,0.194442,30.261951
training,21344,21631952.000000,151.000000,87.000000,211426.000000,0.155396,21.159489
training,21345,18755572.000000,166.000000,77.000000,232160.000000,0.170635,21.474688
training,21346,20683456.000000,178.000000,84.000000,246801.000000,0.181396,31.879360
training,21347,16220645.000000,145.000000,75.000000,321603.000000,0.236375,19.207935
training,21348,17262804.000000,147.000000,79.000000,303024.000000,0.222720,20.758047
training,21349,17369680.000000,169.000000,78.000000,309206.000000,0.227263,19.615904
training,21350,19140992.000000,167.000000,80.000000,241881.000000,0.177780,18.754944
training,21351,21148164.000000,172.000000,85.000000,246944.000000,0.181501,23.660095
training,21352,19721272.000000,163.000000,83.000000,275854.000000,0.202750,17.128544
training,21353,22853666.000000,162.000000,90.000000,197666.000000,0.145283,19.391264
training,21354,17961148.000000,152.000000,74.000000,257150.000000,0.189003,19.716513
training,21355,20099176.000000,157.000000,89.000000,283048.000000,0.208037,20.667200
training,21356,17060406.000000,150.000000,78.000000,283651.000000,0.208481,20.209984
training,21357,19194110.000000,168.000000,78.000000,212567.000000,0.156235,23.155519
training,21358,17411664.000000,192.000000,75.000000,376179.000000,0.276488,29.806656
training,21359,17103840.000000,158.000000,77.000000,335677.000000,0.246719,20.670143
training,21360,22297360.000000,169.000000,89.000000,232709.000000,0.171039,22.840128
training,21361,19008332.000000,168.000000,79.000000,237340.000000,0.174442,23.509151
training,21362,18022100.000000,142.000000,80.000000,300767.000000,0.221061,19.947359
training,21363,20106752.000000,155.000000,85.000000,303738.000000,0.223244,18.288223
training,21364,19206602.000000,152.000000,82.000000,284621.000000,0.209194,21.001600
training,21365,18915622.000000,171.000000,77.000000,217832.000000,0.160104,23.378719
training,21366,21125332.000000,169.000000,87.000000,285592.000000,0.209907,27.562784
training,21367,18895480.000000,162.000000,81.000000,328818.000000,0.241678,27.161119
training,21368,18950050.000000,156.000000,79.000000,320048.000000,0.235232,22.987936
training,21369,17919296.000000,174.000000,77.000000,296739.000000,0.218100,18.829281
training,21370,21907542.000000,184.000000,88.000000,270880.000000,0.199094,23.935104
training,21371,15999183.000000,165.000000,73.000000,316981.000000,0.232978,17.524128
training,21372,16930912.000000,153.000000,74.000000,332540.000000,0.244414,20.080608
training,21373,17245198.000000,148.000000,70.000000,253011.000000,0.185961,18.880575
training,21374,21459324.000000,178.000000,87.000000,286193.000000,0.210349,24.341633
training,21375,17558424.000000,172.000000,76.000000,295080.000000,0.216881,18.140863
training,21376,17691164.000000,163.000000,76.000000,297744.000000,0.218839,16.738304
training,21377,21752240.000000,165.000000,86.000000,211655.000000,0.155564,20.159519
training,21378,18411180.000000,142.000000,75.000000,271052.000000,0.199220,17.746624
training,21379,18735660.000000,172.000000,80.000000,334220.000000,0.245648,24.177664
training,21380,17521476.000000,192.000000,77.000000,340084.000000,0.249958,21.814144
training,21381,17769284.000000,149.000000,79.000000,313958.000000,0.230756,19.816992
training,21382,17272604.000000,146.000000,70.000000,248733.000000,0.182816,15.136096
training,21383,20732568.000000,174.000000,86.000000,286174.000000,0.210335,23.912319
training,21384,20325408.000000,213.000000,82.000000,247389.000000,0.181828,29.816000
training,21385,17902860.000000,163.000000,79.000000,338605.000000,0.248871,23.030657
training,21386,16780304.000000,158.000000,74.000000,334092.000000,0.245554,18.415775
training,21387,22444484.000000,196.000000,85.000000,213381.000000,0.156833,26.546881
training,21388,17915076.000000,168.000000,77.000000,336475.000000,0.247306,25.963200
training,21389,18901372.000000,152.000000,78.000000,337890.000000,0.248346,20.295521
training,21390,20217580.000000,175.000000,86.000000,306513.000000,0.225284,24.055424
training,21391,17775732.000000,187.000000,76.000000,365102.000000,0.268346,27.265057
training,21392,20822394.000000,183.000000,83.000000,246231.000000,0.180977,25.173887
training,21393,19721422.000000,179.000000,84.000000,310203.000000,0.227996,23.904800
training,21394,17396832.000000,137.000000,77.000000,316469.000000,0.232601,18.520321
training,21395,19428384.000000,195.000000,83.000000,287091.000000,0.211009,21.463455
training,21396,21120196.000000,158.000000,85.000000,216188.000000,0.158896,19.240736
training,21397,18111858.000000,221.000000,77.000000,367670.000000,0.270234,32.198048
training,21398,16225123.000000,166.000000,73.000000,326383.000000,0.239888,18.346880
training,21399,19680396.000000,177.000000,83.000000,289799.000000,0.212999,18.499104
training,21400,17335856.000000,167.000000,75.000000,341468.000000,0.250976,21.794815
training,21401,19946650.000000,163.000000,80.000000,310121.000000,0.227936,19.157824
training,21402,21920304.000000,161.000000,87.000000,247880.000000,0.182189,27.494335
training,21403,21929832.000000,151.000000,86.000000,201176.000000,0.147862,19.826496
training,21404,19866176.000000,186.000000,81.000000,249936.000000,0.183700,27.974304
training,21405,20116306.000000,155.000000,81.000000,213939.000000,0.157243,17.126080
training,21406,18098134.000000,196.000000,76.000000,348331.000000,0.256020,24.662592
training,21407,17122788.000000,151.000000,77.000000,309448.000000,0.227441,24.195776
training,21408,22983178.000000,204.000000,87.000000,218818.000000,0.160829,24.250303
training,21409,18198752.000000,175.000000,79.000000,324973.000000,0.238852,20.132416
training,21410,18572152.000000,148.000000,80.000000,318915.000000,0.234399,19.290752
training,21411,18465720.000000,178.000000,83.000000,305365.000000,0.224440,25.053375
training,21412,19557414.000000,146.000000,82.000000,276194.000000,0.203000,18.828447
training,21413,21835550.000000,193.000000,85.000000,231925.000000,0.170463,24.891199
training,21414,18672738.000000,174.000000,79.000000,325246.000000,0.239053,20.712000
training,21415,18697708.000000,178.000000,81.000000,322248.000000,0.236849,33.828064
training,21416,21827200.000000,152.000000,85.000000,207917.000000,0.152817,19.504416
training,21417,17208062.000000,145.000000,76.000000,339684.000000,0.249664,21.821119
training,21418,17543376.000000,159.000000,76.000000,330762.000000,0.243107,20.871937
training,21419,19531004.000000,159.000000,82.000000,222021.000000,0.163183,19.639263
training,21420,20100452.000000,166.000000,84.000000,220601.000000,0.162139,24.554688
training,21421,19390260.000000,149.000000,81.000000,229195.000000,0.168456,20.022495
training,21422,17273308.000000,146.000000,76.000000,335130.000000,0.246317,18.787519
training,21423,20566150.000000,147.000000,82.000000,212056.000000,0.155859,17.473473
training,21424,20389332.000000,145.000000,81.000000,219466.000000,0.161305,18.670143
training,21425,17059722.000000,149.000000,77.000000,298763.000000,0.219588,18.741728
training,21426,17325644.000000,138.000000,71.000000,256771.000000,0.188724,17.281919
training,21427,18542340.000000,158.000000,76.000000,268925.000000,0.197657,17.840672
training,21428,22154684.000000,164.000000,88.000000,244918.000000,0.180012,25.338495
training,21429,17342776.000000,175.000000,78.000000,307404.000000,0.225939,20.852545
training,21430,19701744.000000,148.000000,80.000000,208927.000000,0.153559,17.608288
training,21431,20872584.000000,142.000000,83.000000,210555.000000,0.154756,17.323809
training,21432,17571274.000000,196.000000,77.000000,343485.000000,0.252458,21.589888
training,21433,18166256.000000,194.000000,76.000000,360589.000000,0.265029,32.317184
training,21434,19617544.000000,156.000000,80.000000,323601.000000,0.237843,18.479521
training,21435,17345086.000000,143.000000,70.000000,254869.000000,0.187326,18.958719
training,21436,18116278.000000,144.000000,79.000000,315339.000000,0.231771,20.590431
training,21437,17468582.000000,146.000000,79.000000,300732.000000,0.221035,20.884577
training,21438,21148606.000000,144.000000,86.000000,288627.000000,0.212138,24.768288
training,21439,17475908.000000,149.000000,75.000000,323988.000000,0.238128,18.920448
training,21440,18961384.000000,153.000000,81.000000,317150.000000,0.233102,19.957760
training,21441,18152800.000000,159.000000,79.000000,329726.000000,0.242345,22.340256
training,21442,18339052.000000,160.000000,77.000000,330818.000000,0.243148,20.700447
training,21443,22208130.000000,179.000000,88.000000,234820.000000,0.172590,23.179520
training,21444,20233736.000000,159.000000,80.000000,324735.000000,0.238677,18.398592
training,21445,17692116.000000,141.000000,79.000000,267233.000000,0.196414,20.784384
training,21446,18593140.000000,178.000000,76.000000,239621.000000,0.176119,25.648735
training,21447,18707164.000000,151.000000,79.000000,321670.000000,0.236424,22.079489
training,21448,17909088.000000,177.000000,75.000000,358194.000000,0.263269,30.225599
training,21449,20999212.000000,146.000000,87.000000,293538.000000,0.215747,21.473375
training,21450,17738580.000000,151.000000,76.000000,316429.000000,0.232572,17.886240
training,21451,18170336.000000,151.000000,79.000000,317356.000000,0.233253,19.404545
training,21452,18162574.000000,140.000000,78.000000,336567.000000,0.247373,21.379808
training,21453,19143808.000000,168.000000,78.000000,242976.000000,0.178585,21.850592
training,21454,22147918.000000,165.000000,86.000000,242195.000000,0.178011,29.928064
training,21455,18047474.000000,181.000000,78.000000,326568.000000,0.240024,32.475071
training,21456,18065444.000000,212.000000,78.000000,343356.000000,0.252363,25.056704
training,21457,18239600.000000,146.000000,74.000000,273014.000000,0.200663,16.766624
training,21458,18555656.000000,156.000000,77.000000,243633.000000,0.179068,17.593697
training,21459,16782774.000000,154.000000,77.000000,331272.000000,0.243482,23.556608
training,21460,17341862.000000,148.000000,70.031250,252622.000000,0.185675,18.228096
training,21461,19465712.000000,178.000000,87.000000,302923.000000,0.222645,24.273024
training,21462,19869922.000000,164.000000,85.000000,303345.000000,0.222955,23.930208
training,21463,17617672.000000,177.000000,77.000000,358888.000000,0.263779,29.719936
training,21464,17644316.000000,149.000000,76.000000,294838.000000,0.216703,18.220961
training,21465,22759072.000000,206.000000,86.000000,215236.000000,0.158196,30.738337
training,21466,22440124.000000,167.000000,88.000000,241794.000000,0.177716,23.949408
training,21467,20061036.000000,156.000000,82.000000,211096.000000,0.155153,20.552511
training,21468,17884828.000000,147.000000,78.000000,339811.000000,0.249758,21.476225
training,21469,17640896.000000,145.000000,78.000000,309713.000000,0.227636,18.825727
training,21470,20608284.000000,163.000000,84.000000,332121.000000,0.244106,20.957664
training,21471,17746610.000000,175.000000,79.000000,266191.000000,0.195648,22.119488
training,21472,17400596.000000,153.000000,75.000000,343694.000000,0.252612,23.605728
training,21473,19929132.000000,156.000000,80.000000,217474.000000,0.159841,21.002176
training,21474,19542504.000000,171.000000,81.000000,235276.000000,0.172925,28.811071
training,21475,15978518.000000,141.000000,74.000000,312725.000000,0.229850,19.453089
training,21476,21607784.000000,146.000000,86.000000,206407.000000,0.151707,19.749344
training,21477,19586290.000000,143.000000,82.000000,214754.000000,0.157842,20.324673
training,21478,20511686.000000,142.000000,88.000000,285450.000000,0.209803,19.879520
training,21479,16746266.000000,146.000000,74.000000,325596.000000,0.239310,16.287777
training,21480,19511188.000000,175.000000,83.000000,314710.000000,0.231309,20.066624
training,21481,17086248.000000,160.000000,77.000000,336635.000000,0.247423,23.066528
training,21482,19547486.000000,156.000000,79.000000,220874.000000,0.162340,17.133728
training,21483,18960904.000000,154.000000,80.000000,299743.000000,0.220308,22.563744
training,21484,18149672.000000,179.000000,79.000000,329815.000000,0.242411,25.203873
training,21485,22046474.000000,153.000000,86.000000,208528.000000,0.153266,19.336672
training,21486,19404586.000000,164.000000,79.000000,295232.000000,0.216993,18.605536
training,21487,17983944.000000,147.000000,77.000000,335692.000000,0.246730,20.627329
training,21488,19495298.000000,152.000000,82.000000,309734.000000,0.227651,20.557856
training,21489,17877004.000000,196.000000,77.000000,345987.000000,0.254297,24.952000
training,21490,17015530.000000,169.000000,75.000000,326400.000000,0.239901,18.006912
training,21491,18728476.000000,160.000000,78.000000,244873.000000,0.179979,22.423073
training,21492,18659632.000000,142.000000,77.000000,268423.000000,0.197288,16.636703
training,21493,16390363.000000,153.000000,75.000000,332248.000000,0.244199,22.168640
training,21494,17406208.000000,152.000000,75.000000,327933.000000,0.241027,19.715872
training,21495,22039828.000000,186.000000,85.000000,227937.000000,0.167531,24.194880
training,21496,16943088.000000,151.000000,76.000000,314961.000000,0.231493,18.774240
training,21497,18054148.000000,148.000000,77.000000,281052.000000,0.206570,17.624479
training,21498,21129678.000000,150.000000,84.000000,225131.000000,0.165469,19.201153
training,21499,20540110.000000,159.000000,85.000000,296053.000000,0.217596,21.284416
training,21500,19261640.000000,149.000000,79.000000,320192.000000,0.235338,21.683519
training,21501,19066444.000000,158.000000,79.000000,232665.000000,0.171006,23.595039
training,21502,17421634.000000,142.000000,76.000000,292474.000000,0.214965,18.699297
training,21503,17094658.000000,191.000000,75.000000,377660.000000,0.277576,29.731424
training,21504,18914202.000000,147.000000,78.000000,338835.000000,0.249040,19.141600
training,21505,17808216.000000,142.000000,77.000000,338235.000000,0.248599,18.913792
training,21506,22857164.000000,178.000000,86.000000,213949.000000,0.157250,25.145281
training,21507,19756276.000000,147.000000,81.000000,234113.000000,0.172071,22.652384
training,21508,18188996.000000,148.000000,77.000000,337587.000000,0.248123,21.490400
training,21509,19747780.000000,160.000000,84.000000,308000.000000,0.226377,20.448383
training,21510,18064288.000000,141.000000,72.000000,259736.000000,0.190903,17.970720
training,21511,17383992.000000,144.000000,79.000000,301759.000000,0.221790,18.620129
training,21512,19389404.000000,170.000000,80.000000,238886.000000,0.175579,22.867744
training,21513,22286492.000000,153.000000,88.000000,209322.000000,0.153850,18.499008
training,21514,21770398.000000,188.000000,87.000000,281410.000000,0.206833,26.555679
training,21515,19932198.000000,147.000000,80.000000,220762.000000,0.162258,18.466305
training,21516,19253092.000000,156.000000,82.000000,312500.000000,0.229684,22.552128
training,21517,18464812.000000,173.000000,80.000000,309040.000000,0.227141,23.690208
training,21518,17353754.000000,171.000000,76.000000,367325.000000,0.269980,26.046305
training,21519,19936628.000000,190.000000,81.000000,251373.000000,0.184757,28.238176
training,21520,18395652.000000,141.000000,75.000000,276065.000000,0.202905,19.449823
training,21521,22060380.000000,195.000000,89.000000,249593.000000,0.183448,26.517023
training,21522,18251254.000000,201.000000,79.000000,263175.000000,0.193431,28.604481
training,21523,16945198.000000,160.000000,74.000000,368878.000000,0.271122,23.411873
training,21524,17644664.000000,178.000000,76.000000,347159.000000,0.255158,20.522881
training,21525,23155830.000000,158.000000,90.000000,200072.000000,0.147051,20.299744
training,21526,17511224.000000,139.000000,70.000000,255736.000000,0.187963,17.561216
training,21527,23108970.000000,193.000000,88.000000,214425.000000,0.157600,25.179359
training,21528,20115960.000000,155.000000,85.000000,214822.000000,0.157892,23.684799
training,21529,17423452.000000,188.000000,76.000000,372362.000000,0.273682,23.967585
training,21530,16936004.000000,155.000000,74.000000,330934.000000,0.243233,18.631456
training,21531,21890168.000000,154.000000,87.000000,204102.000000,0.150013,19.044577
training,21532,23079980.000000,198.000000,88.000000,214315.000000,0.157519,23.244991
training,21533,17997540.000000,144.000000,76.000000,314760.000000,0.231345,16.920704
training,21534,22276772.000000,150.000000,88.000000,209450.000000,0.153944,21.082497
training,21535,22190774.000000,172.000000,88.000000,231986.000000,0.170507,25.433952
training,21536,21303432.000000,144.000000,86.000000,209132.000000,0.153710,18.202175
training,21537,18106836.000000,147.000000,73.000000,271630.000000,0.199645,18.077728
training,21538,18639296.000000,161.000000,80.000000,321875.000000,0.236575,22.420927
training,21539,18702932.000000,177.000000,81.000000,321962.000000,0.236639,28.862816
training,21540,19952204.000000,189.000000,81.000000,251282.000000,0.184690,24.083008
training,21541,18792456.000000,158.000000,78.000000,244251.000000,0.179522,20.004896
training,21542,17317358.000000,172.000000,78.000000,306302.000000,0.225129,25.140703
training,21543,17241222.000000,148.000000,79.000000,272459.000000,0.200255,19.142591
training,21544,19967002.000000,144.000000,80.000000,220501.000000,0.162066,18.743584
training,21545,23105170.000000,212.000000,88.000000,219610.000000,0.161411,26.935968
training,21546,17630596.000000,150.000000,76.000000,293759.000000,0.215910,18.066656
training,21547,16096572.000000,145.000000,74.000000,321122.000000,0.236021,20.341600
training,21548,18150712.000000,157.000000,75.000000,329212.000000,0.241967,21.285120
training,21549,16362010.000000,152.000000,75.000000,331961.000000,0.243988,20.872320
training,21550,19179260.000000,146.000000,79.000000,261074.000000,0.191887,17.347391
training,21551,22114392.000000,148.000000,86.000000,211303.000000,0.155306,19.391329
training,21552,20976388.000000,152.000000,87.000000,293552.000000,0.215758,20.739904
training,21553,20583756.000000,153.000000,84.000000,332430.000000,0.244333,20.435137
training,21554,18021690.000000,193.000000,76.000000,347294.000000,0.255258,33.021919
training,21555,17529324.000000,175.000000,76.000000,294479.000000,0.216439,18.787489
training,21556,16981732.000000,173.000000,74.000000,325971.000000,0.239585,19.128288
training,21557,18116124.000000,162.000000,79.000000,328618.000000,0.241531,23.450624
training,21558,17755074.000000,168.000000,79.000000,266397.000000,0.195799,19.350689
training,21559,21654440.000000,145.000000,87.000000,206839.000000,0.152025,18.613983
training,21560,19908086.000000,157.000000,81.000000,338384.000000,0.248709,20.514048
training,21561,19230196.000000,188.000000,80.000000,236577.000000,0.173882,25.237185
training,21562,19098780.000000,170.000000,77.000000,212275.000000,0.156020,24.282017
training,21563,21416312.000000,168.000000,85.000000,249258.000000,0.183202,27.092031
training,21564,18796708.000000,169.000000,81.000000,327414.000000,0.240646,26.150623
training,21565,18052580.000000,157.000000,78.000000,335789.000000,0.246802,21.689728
training,21566,18616484.000000,187.000000,76.000000,234927.000000,0.172669,25.395008
training,21567,17084680.000000,155.000000,77.000000,308813.000000,0.226974,20.031488
training,21568,18634376.000000,184.000000,78.000000,246056.000000,0.180849,22.196705
training,21569,17164900.000000,152.000000,76.000000,340214.000000,0.250054,18.976353
training,21570,16064226.000000,142.000000,74.000000,312594.000000,0.229753,19.508896
training,21571,17435830.000000,186.000000,76.000000,371796.000000,0.273266,27.812992
training,21572,17250788.000000,146.000000,70.000000,246998.000000,0.181541,17.090015
training,21573,17260632.000000,171.000000,78.000000,308397.000000,0.226669,25.056353
training,21574,17822004.000000,154.000000,73.000000,255622.000000,0.187880,14.888928
training,21575,21176250.000000,148.000000,87.000000,288064.000000,0.211724,20.924768
training,21576,17933842.000000,173.000000,77.000000,335265.000000,0.246416,23.424896
training,21577,16773682.000000,168.000000,74.000000,368711.000000,0.270999,28.963713
training,21578,21140976.000000,175.000000,85.000000,247083.000000,0.181603,27.393888
training,21579,19073394.000000,162.000000,79.000000,232128.000000,0.170612,23.408512
training,21580,22034310.000000,166.000000,87.000000,247964.000000,0.182251,22.552193
training,21581,18282524.000000,182.000000,78.000000,316792.000000,0.232839,22.159489
training,21582,18200168.000000,144.000000,77.000000,337562.000000,0.248105,18.574240
training,21583,22009312.000000,196.000000,89.000000,249164.000000,0.183133,24.914335
training,21584,20037568.000000,151.000000,82.000000,211257.000000,0.155272,19.281120
training,21585,18986788.000000,149.000000,78.000000,337131.000000,0.247788,19.606625
training,21586,18560504.000000,181.000000,76.000000,231790.000000,0.170363,21.208033
training,21587,19629908.000000,162.000000,83.000000,274569.000000,0.201805,17.776480
training,21588,19966098.000000,159.000000,80.000000,309689.000000,0.227618,20.742559
training,21589,16928456.000000,161.000000,76.000000,303760.000000,0.223261,22.933760
training,21590,19427348.000000,173.000000,81.000000,239812.000000,0.176259,22.043903
training,21591,17780078.000000,155.000000,78.000000,310142.000000,0.227951,19.803167
training,21592,17136884.000000,164.000000,77.000000,336644.000000,0.247430,22.574783
training,21593,18733188.000000,179.000000,80.000000,297393.000000,0.218581,21.896896
training,21594,17071216.000000,161.000000,77.000000,335061.000000,0.246266,18.772032
training,21595,19642676.000000,147.000000,81.000000,214746.000000,0.157836,23.633120
training,21596,18179108.000000,212.000000,77.000000,366835.000000,0.269620,31.847967
training,21597,18564988.000000,149.000000,80.000000,319786.000000,0.235039,18.609217
training,21598,21821196.000000,168.000000,86.000000,212189.000000,0.155957,20.515553
training,21599,19137332.000000,157.000000,81.000000,326769.000000,0.240172,20.511616
training,21600,19975230.000000,149.000000,80.000000,218075.000000,0.160283,17.708160
training,21601,20197448.000000,158.000000,84.000000,220036.000000,0.161724,22.827776
training,21602,17812960.000000,156.000000,79.000000,337975.000000,0.248408,22.520512
training,21603,17341518.000000,177.000000,75.000000,340662.000000,0.250383,21.869984
training,21604,22069078.000000,148.000000,87.000000,201587.000000,0.148164,21.330496
training,21605,18694652.000000,184.000000,81.000000,330860.000000,0.243179,23.419104
training,21606,18907548.000000,160.000000,79.000000,338972.000000,0.249141,20.389343
training,21607,21844296.000000,193.000000,85.000000,233256.000000,0.171441,24.613792
training,21608,18726808.000000,165.000000,80.000000,333377.000000,0.245029,22.837248
training,21609,17331004.000000,144.000000,71.000000,253085.000000,0.186015,20.928608
training,21610,18236652.000000,145.000000,77.000000,281403.000000,0.206828,17.547359
training,21611,17741316.000000,139.000000,77.000000,338288.000000,0.248638,19.649664
training,21612,19599852.000000,154.000000,86.000000,295066.000000,0.216871,20.949408
training,21613,16198363.000000,139.000000,75.000000,299452.000000,0.220094,19.231009
training,21614,20690114.000000,188.000000,83.000000,246718.000000,0.181335,32.975136
training,21615,18089824.000000,146.000000,73.000000,261351.000000,0.192090,16.072639
training,21616,20114936.000000,168.000000,81.000000,214436.000000,0.157608,16.864576
training,21617,19607088.000000,162.000000,81.000000,221678.000000,0.162931,17.852032
training,21618,21294940.000000,151.000000,85.000000,211646.000000,0.155558,19.066816
training,21619,17211956.000000,193.000000,75.000000,377806.000000,0.277684,30.271551
training,21620,20107368.000000,151.000000,84.000000,215323.000000,0.158260,25.358688
training,21621,18017646.000000,213.000000,78.000000,342727.000000,0.251901,22.272415
training,21622,18272352.000000,159.000000,77.000000,321540.000000,0.236329,18.504480
training,21623,18996910.000000,167.000000,81.000000,285686.000000,0.209976,22.147873
training,21624,18985186.000000,158.000000,80.000000,319917.000000,0.235136,19.918177
training,21625,17516580.000000,159.000000,78.000000,340517.000000,0.250277,22.909504
training,21626,21001628.000000,173.000000,86.000000,285430.000000,0.209788,26.658239
training,21627,18463972.000000,181.000000,84.000000,305628.000000,0.224633,29.058304
training,21628,18292004.000000,136.000000,76.000000,277215.000000,0.203750,18.012352
training,21629,17461208.000000,142.000000,71.000000,257735.000000,0.189433,17.253696
training,21630,20138720.000000,176.000000,85.000000,304822.000000,0.224041,21.288799
training,21631,22517052.000000,201.000000,90.000000,256892.000000,0.188813,25.856993
training,21632,17318816.000000,146.000000,79.000000,301710.000000,0.221754,21.167999
training,21633,19659836.000000,150.000000,83.000000,285561.000000,0.209884,21.459105
training,21634,17478558.000000,147.000000,76.000000,292792.000000,0.215199,18.464544
training,21635,18099004.000000,184.000000,77.000000,362022.000000,0.266082,27.380672
training,21636,17670724.000000,210.000000,76.000000,361589.000000,0.265764,32.150784
training,21637,18463256.000000,137.000000,75.000000,270876.000000,0.199091,18.517857
training,21638,19976502.000000,151.000000,88.000000,282745.000000,0.207815,20.855232
training,21639,17153112.000000,149.000000,76.000000,335064.000000,0.246269,18.479456
training,21640,21746952.000000,193.000000,87.000000,280603.000000,0.206240,27.527361
training,21641,20896240.000000,149.000000,83.000000,329930.000000,0.242495,24.180992
training,21642,20507788.000000,155.000000,83.000000,212704.000000,0.156335,18.283873
training,21643,18762202.000000,152.000000,77.000000,268079.000000,0.197035,22.750463
training,21644,18770804.000000,163.000000,82.000000,303286.000000,0.222912,22.004641
training,21645,19201684.000000,166.000000,82.000000,312680.000000,0.229817,21.126047
training,21646,22305746.000000,188.000000,89.000000,263780.000000,0.193876,27.650721
training,21647,19379446.000000,176.000000,87.000000,302740.000000,0.222511,24.295424
training,21648,21959252.000000,156.000000,86.000000,208645.000000,0.153352,18.951839
training,21649,18385020.000000,176.000000,78.000000,307050.000000,0.225679,26.198656
training,21650,19486236.000000,152.000000,82.000000,279674.000000,0.205558,22.768448
training,21651,19364372.000000,165.000000,82.000000,263370.000000,0.193574,18.787584
training,21652,18391788.000000,168.000000,76.000000,243208.000000,0.178755,19.913664
training,21653,16674535.000000,144.000000,74.000000,325815.000000,0.239471,18.418560
training,21654,21853050.000000,184.000000,87.000000,269651.000000,0.198191,25.533855
training,21655,17769440.000000,140.000000,72.000000,256350.000000,0.188415,19.930752
training,21656,22288784.000000,171.000000,88.000000,206514.000000,0.151786,22.894592
training,21657,19659050.000000,164.000000,82.000000,230056.000000,0.169089,19.451424
training,21658,18409734.000000,149.000000,76.000000,266010.000000,0.195515,18.009600
training,21659,17666926.000000,160.000000,76.000000,315896.000000,0.232180,16.338465
training,21660,19677406.000000,170.000000,84.000000,316509.000000,0.232631,20.668736
training,21661,20202092.000000,201.000000,81.000000,247443.000000,0.181868,25.755264
training,21662,19384010.000000,162.000000,80.000000,324961.000000,0.238843,22.015392
training,21663,21468696.000000,156.000000,86.000000,211725.000000,0.155616,19.881311
training,21664,19033518.000000,167.000000,77.000000,243062.000000,0.178648,23.252352
training,21665,17635792.000000,144.000000,79.000000,267191.000000,0.196383,19.829887
training,21666,17494122.000000,197.000000,77.000000,342785.000000,0.251943,23.419840
training,21667,18250972.000000,188.000000,79.000000,262812.000000,0.193164,25.003679
training,21668,18887348.000000,157.000000,80.000000,316409.000000,0.232557,19.881760
training,21669,16573790.000000,169.000000,74.000000,318934.000000,0.234413,17.909985
training,21670,20005934.000000,163.000000,84.000000,302616.000000,0.222420,19.687456
training,21671,21937740.000000,158.000000,85.000000,210481.000000,0.154701,20.179104
training,21672,18121168.000000,145.000000,79.000000,314438.000000,0.231109,20.521473
training,21673,19282116.000000,143.000000,78.000000,335065.000000,0.246269,19.406113
training,21674,18630876.000000,150.000000,80.000000,339244.000000,0.249341,24.703840
training,21675,19527634.000000,155.000000,83.000000,309319.000000,0.227346,20.167200
training,21676,20428152.000000,151.000000,81.000000,219771.000000,0.161529,17.666689
training,21677,19212804.000000,149.000000,81.000000,283979.000000,0.208722,22.732033
training,21678,22391060.000000,169.000000,87.000000,242061.000000,0.177912,27.377024
training,21679,17034190.000000,144.000000,76.000000,314654.000000,0.231267,18.270752
training,21680,17974314.000000,150.000000,77.000000,336490.000000,0.247317,18.905664
training,21681,21330344.000000,166.000000,86.000000,286131.000000,0.210303,25.442335
training,21682,19418920.000000,167.000000,78.000000,221053.000000,0.162472,17.589920
training,21683,18885494.000000,150.000000,79.000000,300585.000000,0.220927,19.224319
training,21684,17511460.000000,175.000000,76.000000,347176.000000,0.255171,17.894016
training,21685,19452420.000000,155.000000,81.000000,235896.000000,0.173381,20.497984
training,21686,17692298.000000,152.000000,77.000000,340035.000000,0.249922,22.334623
training,21687,19225152.000000,162.000000,79.000000,339643.000000,0.249634,19.792801
training,21688,18439934.000000,168.000000,78.000000,325471.000000,0.239218,22.850912
training,21689,18825928.000000,166.000000,78.000000,237179.000000,0.174324,23.656481
training,21690,19301334.000000,167.000000,81.000000,261664.000000,0.192320,16.998625
training,21691,18073642.000000,179.000000,78.000000,329664.000000,0.242300,24.791296
training,21692,20443120.000000,163.000000,83.000000,295748.000000,0.217372,21.731424
training,21693,17457892.000000,142.000000,79.000000,300720.000000,0.221026,20.349407
training,21694,17280896.000000,143.000000,76.000000,316018.000000,0.232270,18.265024
training,21695,18466348.000000,169.000000,76.000000,238495.000000,0.175291,20.425920
training,21696,18049328.000000,177.000000,78.000000,325176.000000,0.239001,25.007393
training,21697,20237020.000000,151.000000,81.000000,329178.000000,0.241942,22.487904
training,21698,17187246.000000,149.000000,69.000000,251798.000000,0.185069,19.368095
training,21699,18829048.000000,174.000000,76.000000,217197.000000,0.159638,23.272032
training,21700,17030706.000000,136.000000,77.000000,266600.000000,0.195948,19.276768
training,21701,18026192.000000,145.000000,80.000000,300413.000000,0.220801,22.317152
training,21702,19308582.000000,190.000000,82.000000,287706.000000,0.211461,23.882175
training,21703,19123832.000000,150.000000,78.000000,320060.000000,0.235241,19.949345
training,21704,20100816.000000,160.000000,80.000000,324698.000000,0.238650,22.280767
training,21705,21816268.000000,159.000000,85.000000,242447.000000,0.178196,25.401119
training,21706,22047646.000000,171.000000,87.000000,245174.000000,0.180200,20.992704
training,21707,20140836.000000,161.000000,81.000000,225064.000000,0.165420,18.264095
training,21708,19364358.000000,177.000000,82.000000,314991.000000,0.231515,20.167776
training,21709,19332868.000000,159.000000,79.000000,295637.000000,0.217290,18.804096
training,21710,17734444.000000,166.000000,76.000000,297128.000000,0.218386,17.063681
training,21711,18058316.000000,158.000000,79.000000,317310.000000,0.233220,17.994368
training,21712,16042685.000000,172.000000,73.000000,325504.000000,0.239242,17.519808
training,21713,17889892.000000,179.000000,75.000000,358810.000000,0.263722,29.108128
training,21714,21893660.000000,184.000000,84.000000,227704.000000,0.167360,26.704639
training,21715,18108112.000000,139.000000,77.000000,329634.000000,0.242278,20.041216
training,21716,17285464.000000,171.000000,75.000000,367504.000000,0.270112,36.894753
training,21717,17390546.000000,201.000000,76.000000,338591.000000,0.248861,21.667168
training,21718,18270856.000000,158.000000,77.000000,289465.000000,0.212754,17.351233
training,21719,17860872.000000,183.000000,76.000000,329515.000000,0.242190,17.330336
training,21720,20900624.000000,162.000000,84.000000,215625.000000,0.158482,20.131041
training,21721,22616736.000000,157.000000,88.000000,197393.000000,0.145082,19.225088
training,21722,18184092.000000,168.000000,76.000000,318644.000000,0.234200,18.542656
training,21723,17469876.000000,151.000000,75.000000,323448.000000,0.237731,16.997663
training,21724,18540312.000000,190.000000,78.000000,260298.000000,0.191316,27.134399
training,21725,19659318.000000,171.000000,84.000000,308443.000000,0.226702,19.969952
training,21726,16521084.000000,169.000000,73.000000,334150.000000,0.245597,22.212992
training,21727,17870752.000000,181.000000,77.000000,345681.000000,0.254072,23.530239
training,21728,20849268.000000,161.000000,83.000000,328915.000000,0.241749,22.035681
training,21729,22657372.000000,196.000000,86.000000,214838.000000,0.157904,32.539520
training,21730,21727876.000000,147.000000,85.000000,208051.000000,0.152915,24.552383
training,21731,19886760.000000,149.000000,79.000000,219260.000000,0.161154,17.286816
training,21732,16847466.000000,151.000000,75.000000,314061.000000,0.230832,19.789408
training,21733,15973970.000000,173.000000,72.000000,315164.000000,0.231642,19.331297
training,21734,21721660.000000,149.000000,87.000000,207161.000000,0.152261,21.287489
training,21735,17616172.000000,158.000000,78.000000,312871.000000,0.229957,20.790079
training,21736,19225276.000000,168.000000,80.000000,296636.000000,0.218024,20.097569
training,21737,16954768.000000,142.000000,77.000000,298081.000000,0.219087,20.060064
training,21738,18800728.000000,158.000000,78.000000,311355.000000,0.228843,22.305281
training,21739,17587416.000000,162.000000,76.000000,297619.000000,0.218747,17.068224
training,21740,19179896.000000,150.000000,80.000000,228114.000000,0.167661,18.880287
training,21741,17331512.000000,153.000000,75.000000,343323.000000,0.252339,19.502785
training,21742,19693080.000000,164.000000,85.000000,303345.000000,0.222955,24.297056
training,21743,17076634.000000,141.000000,78.000000,302258.000000,0.222157,22.734943
training,21744,20878492.000000,167.000000,85.000000,290359.000000,0.213411,22.214239
training,21745,19521246.000000,145.000000,79.000000,208724.000000,0.153410,20.033665
training,21746,16656708.000000,157.000000,73.000000,332728.000000,0.244552,17.973120
training,21747,19500678.000000,189.000000,82.000000,290363.000000,0.213414,20.108225
training,21748,17900062.000000,187.000000,78.000000,326970.000000,0.240320,31.135233
training,21749,20814460.000000,144.000000,83.000000,211138.000000,0.155184,19.906496
training,21750,20164114.000000,190.000000,81.000000,246649.000000,0.181285,29.774977
training,21751,19213542.000000,187.000000,80.000000,282265.000000,0.207462,25.501535
training,21752,17229390.000000,143.000000,70.000000,254045.000000,0.186720,18.258112
training,21753,18879358.000000,164.000000,79.000000,240493.000000,0.176760,24.512224
training,21754,20499022.000000,148.000000,87.000000,285295.000000,0.209689,21.355265
training,21755,19438152.000000,153.000000,82.000000,275466.000000,0.202465,20.421888
training,21756,22886292.000000,160.000000,88.000000,199593.000000,0.146699,20.509312
training,21757,19643792.000000,181.000000,79.000000,249785.000000,0.183589,26.342527
training,21758,18259988.000000,156.000000,76.000000,330427.000000,0.242860,20.777664
training,21759,19819844.000000,176.000000,85.000000,292227.000000,0.214784,26.354496
training,21760,17724072.000000,165.000000,79.000000,320296.000000,0.235414,21.705473
training,21761,22016304.000000,172.000000,87.000000,234740.000000,0.172532,23.062784
training,21762,19642676.000000,174.000000,83.000000,309054.000000,0.227152,23.345663
training,21763,20736040.000000,155.000000,82.000000,225947.000000,0.166069,19.563841
training,21764,17450376.000000,162.000000,78.000000,316464.000000,0.232598,19.164192
training,21765,17263134.000000,161.000000,75.000000,325745.000000,0.239419,17.063553
training,21766,22161670.000000,196.000000,84.000000,213102.000000,0.156628,24.191423
training,21767,16768966.000000,162.000000,74.000000,368508.000000,0.270850,30.958143
training,21768,20900752.000000,149.000000,83.000000,224724.000000,0.165170,22.755424
training,21769,19641264.000000,148.000000,80.000000,233785.000000,0.171830,18.933599
training,21770,19591826.000000,166.000000,83.000000,323173.000000,0.237529,23.248352
training,21771,16921450.000000,149.000000,77.000000,282653.000000,0.207747,20.389889
training,21772,20547288.000000,172.000000,85.000000,285305.000000,0.209696,23.743393
training,21773,17662168.000000,188.000000,75.000000,363878.000000,0.267447,25.261152
training,21774,19546536.000000,173.000000,82.000000,279464.000000,0.205403,25.157921
training,21775,17098752.000000,190.000000,74.000000,375728.000000,0.276156,32.065376
training,21776,17327154.000000,157.000000,75.000000,327432.000000,0.240659,20.098175
training,21777,18280794.000000,158.000000,79.000000,342395.000000,0.251657,30.000704
training,21778,22386708.000000,159.000000,87.000000,203037.000000,0.149230,19.935425
training,21779,16613838.000000,142.000000,74.000000,332291.000000,0.244231,15.976064
training,21780,17302352.000000,141.000000,71.000000,255373.000000,0.187697,19.642912
training,21781,17403760.000000,158.000000,76.000000,329393.000000,0.242101,18.270241
training,21782,16648550.000000,152.000000,76.000000,330564.000000,0.242961,22.685568
training,21783,17492652.000000,175.000000,76.000000,357924.000000,0.263070,29.324480
training,21784,22586680.000000,173.000000,86.000000,213266.000000,0.156748,22.998720
training,21785,16790688.000000,164.000000,76.000000,305497.000000,0.224537,23.721344
training,21786,22055068.000000,175.000000,87.000000,234189.000000,0.172127,22.854849
training,21787,17661776.000000,152.000000,77.000000,338840.000000,0.249044,22.625568
training,21788,18259798.000000,143.000000,75.000000,276645.000000,0.203331,16.988256
training,21789,18626760.000000,144.000000,77.000000,268296.000000,0.197195,17.827648
training,21790,22895964.000000,197.000000,86.000000,218656.000000,0.160710,25.471457
training,21791,18851276.000000,150.000000,77.000000,336538.000000,0.247352,18.592352
training,21792,17765372.000000,167.000000,77.000000,335490.000000,0.246582,20.824640
training,21793,16891582.000000,152.000000,77.000000,282197.000000,0.207412,22.545664
training,21794,19687880.000000,153.000000,79.000000,217277.000000,0.159696,16.444256
training,21795,21110968.000000,164.000000,83.000000,248003.000000,0.182280,23.269953
training,21796,18131544.000000,146.000000,78.000000,328978.000000,0.241795,21.710560
training,21797,18610676.000000,167.000000,78.000000,244511.000000,0.179713,21.984257
training,21798,21137768.000000,142.000000,85.000000,208683.000000,0.153380,17.154049
training,21799,17948470.000000,142.000000,76.000000,314752.000000,0.231340,17.672544
training,21800,16972160.000000,154.000000,77.000000,309092.000000,0.227179,26.738560
training,21801,18734140.000000,160.000000,81.000000,303077.000000,0.222759,19.895840
training,21802,20554982.000000,169.000000,85.000000,284893.000000,0.209393,27.234367
training,21803,19769184.000000,142.000000,79.000000,218827.000000,0.160836,18.307297
training,21804,17135838.000000,185.000000,75.000000,375041.000000,0.275651,24.405056
training,21805,21929626.000000,152.000000,86.000000,200948.000000,0.147695,19.957697
training,21806,17310480.000000,186.000000,75.000000,371328.000000,0.272922,31.965343
training,21807,21963428.000000,186.000000,85.000000,226698.000000,0.166621,28.263329
training,21808,17639836.000000,147.000000,72.000000,256962.000000,0.188864,18.443775
training,21809,21918300.000000,194.000000,88.000000,248169.000000,0.182402,23.972256
training,21810,18993580.000000,164.000000,76.000000,212005.000000,0.155822,24.850431
training,21811,22367226.000000,191.000000,85.000000,212456.000000,0.156153,27.243263
training,21812,16889280.000000,160.000000,74.000000,330761.000000,0.243106,17.129761
training,21813,21893588.000000,159.000000,85.000000,207728.000000,0.152678,20.422239
training,21814,16135212.000000,138.000000,74.000000,298614.000000,0.219478,18.881311
training,21815,17735032.000000,150.000000,73.000000,256243.000000,0.188336,20.559008
training,21816,17941670.000000,149.000000,77.000000,334713.000000,0.246011,19.144417
training,21817,18060368.000000,169.000000,78.000000,328233.000000,0.241248,22.362848
training,21818,19081412.000000,151.000000,81.000000,311130.000000,0.228677,20.380833
training,21819,18305458.000000,180.000000,79.000000,308139.000000,0.226479,24.661951
training,21820,18208100.000000,165.000000,77.000000,288409.000000,0.211978,23.065792
training,21821,19337632.000000,168.000000,82.000000,312824.000000,0.229922,20.476768
training,21822,19172276.000000,156.000000,79.000000,319202.000000,0.234610,20.959232
training,21823,16641769.000000,145.000000,75.000000,332193.000000,0.244158,19.339071
training,21824,18275468.000000,146.000000,77.000000,329637.000000,0.242280,19.277184
training,21825,22178114.000000,176.000000,87.000000,240804.000000,0.176988,23.919777
training,21826,19585584.000000,154.000000,82.000000,284311.000000,0.208966,23.007648
training,21827,18131520.000000,156.000000,75.000000,328497.000000,0.241442,20.712864
training,21828,18400956.000000,154.000000,76.000000,266643.000000,0.195980,16.975361
training,21829,19278208.000000,190.000000,82.000000,285689.000000,0.209979,26.481216
training,21830,18823832.000000,149.000000,78.000000,337620.000000,0.248147,18.330336
training,21831,18553124.000000,159.000000,80.000000,338404.000000,0.248724,25.154881
training,21832,16925760.000000,145.000000,77.000000,297568.000000,0.218709,19.522783
training,21833,17246704.000000,187.000000,75.000000,340677.000000,0.250394,19.835039
training,21834,17795314.000000,169.000000,76.000000,295454.000000,0.217156,17.997824
training,21835,18052110.000000,182.000000,78.000000,328384.000000,0.241359,23.370655
training,21836,18011572.000000,152.000000,79.000000,314012.000000,0.230796,18.766336
training,21837,16177354.000000,172.000000,73.000000,326008.000000,0.239613,19.156769
training,21838,19446572.000000,163.000000,81.000000,221177.000000,0.162563,20.134815
training,21839,19011034.000000,147.000000,79.000000,260036.000000,0.191124,17.806240
training,21840,17724154.000000,159.000000,76.000000,315750.000000,0.232073,18.870399
training,21841,22814850.000000,193.000000,86.000000,213694.000000,0.157063,26.916449
training,21842,18289506.000000,161.000000,79.000000,341854.000000,0.251259,24.796352
training,21843,18611068.000000,180.000000,81.000000,321365.000000,0.236200,27.777184
training,21844,19487336.000000,146.000000,85.000000,293789.000000,0.215932,19.467680
training,21845,18491760.000000,167.000000,78.000000,324147.000000,0.238245,20.610880
training,21846,19973594.000000,166.000000,80.000000,213724.000000,0.157085,17.917536
training,21847,20603122.000000,156.000000,82.000000,225821.000000,0.165976,19.257568
training,21848,20730488.000000,143.000000,83.000000,210787.000000,0.154926,17.746592
training,21849,18097238.000000,145.000000,78.000000,335461.000000,0.246560,17.187391
training,21850,18023300.000000,187.000000,76.000000,360091.000000,0.264663,23.151009
training,21851,17214032.000000,154.000000,78.000000,300452.000000,0.220829,20.194719
training,21852,22251754.000000,162.000000,87.000000,206059.000000,0.151451,22.964895
training,21853,18272282.000000,173.000000,82.000000,304383.000000,0.223718,27.610624
training,21854,17946700.000000,209.000000,76.000000,365501.000000,0.268640,24.209536
training,21855,18070720.000000,185.000000,77.000000,317254.000000,0.233178,24.446815
training,21856,21785860.000000,148.000000,85.000000,209568.000000,0.154030,19.835264
training,21857,18791500.000000,153.000000,80.000000,315798.000000,0.232108,19.751392
training,21858,19260096.000000,149.000000,82.000000,263672.000000,0.193796,21.618656
training,21859,20800282.000000,150.000000,83.000000,327993.000000,0.241072,20.589312
training,21860,21669444.000000,182.000000,86.000000,269611.000000,0.198161,26.372992
training,21861,21538804.000000,161.000000,85.000000,211214.000000,0.155240,19.343904
training,21862,17356544.000000,146.000000,76.000000,292666.000000,0.215107,21.980000
training,21863,20371988.000000,162.000000,83.000000,294745.000000,0.216635,23.656033
training,21864,17126404.000000,148.000000,77.000000,313874.000000,0.230694,22.217119
training,21865,17736292.000000,172.000000,79.000000,318830.000000,0.234337,22.011360
training,21866,19881056.000000,155.000000,81.000000,211001.000000,0.155084,20.976641
training,21867,17128232.000000,154.000000,69.000000,252061.000000,0.185262,18.652512
training,21868,16590748.000000,166.000000,74.000000,318460.000000,0.234065,19.681503
training,21869,19448084.000000,166.000000,83.000000,321977.000000,0.236650,25.017216
training,21870,16959936.000000,206.000000,74.000000,376693.000000,0.276866,29.545280
training,21871,18894118.000000,160.000000,79.000000,240951.000000,0.177097,16.204767
training,21872,17231692.000000,152.000000,75.000000,342856.000000,0.251996,19.389759
training,21873,21757124.000000,175.000000,86.000000,246559.000000,0.181218,27.145088
training,21874,21720888.000000,154.000000,87.000000,203656.000000,0.149685,19.814528
training,21875,17014740.000000,158.000000,76.000000,336187.000000,0.247094,21.518496
training,21876,19137956.000000,192.000000,80.000000,281824.000000,0.207138,27.391552
training,21877,19493504.000000,159.000000,82.000000,274109.000000,0.201467,16.711712
training,21878,17987030.000000,190.000000,78.000000,323921.000000,0.238079,23.449057
training,21879,19520568.000000,150.000000,79.000000,208458.000000,0.153215,18.287745
training,21880,22430064.000000,185.000000,89.000000,255593.000000,0.187858,25.101889
training,21881,20363920.000000,177.000000,82.000000,246073.000000,0.180861,26.196863
training,21882,18635424.000000,163.000000,80.000000,327039.000000,0.240370,23.360096
training,21883,18475440.000000,146.000000,79.000000,320576.000000,0.235620,18.678368
training,21884,21677436.000000,151.000000,85.000000,207651.000000,0.152621,20.727137
training,21885,19146492.000000,182.000000,86.000000,301101.000000,0.221306,23.142368
training,21886,17439398.000000,178.000000,76.000000,357478.000000,0.262743,23.022848
training,21887,16611487.000000,141.000000,74.000000,325679.000000,0.239371,16.591007
training,21888,16507359.000000,169.000000,73.000000,367855.000000,0.270370,24.255392
training,21889,18488312.000000,175.000000,77.000000,246467.000000,0.181151,17.514080
training,21890,16844194.000000,169.000000,74.000000,325937.000000,0.239560,19.116961
training,21891,17365846.000000,155.000000,76.000000,329770.000000,0.242378,20.051329
training,21892,21412980.000000,148.000000,86.000000,206342.000000,0.151659,18.233313
training,21893,20586316.000000,183.000000,82.000000,245750.000000,0.180624,27.678528
training,21894,19892608.000000,158.000000,84.000000,302520.000000,0.222349,19.834112
training,21895,21589720.000000,194.000000,86.000000,279690.000000,0.205569,26.474432
training,21896,18973400.000000,166.000000,77.000000,242089.000000,0.177933,22.775648
training,21897,17822166.000000,187.000000,76.000000,328915.000000,0.241749,19.303904
training,21898,19898566.000000,144.000000,84.000000,214913.000000,0.157959,18.908928
training,21899,19355008.000000,142.000000,81.000000,274872.000000,0.202028,21.600767
training,21900,18172884.000000,184.000000,78.000000,261997.000000,0.192565,24.299393
training,21901,17841792.000000,195.000000,76.000000,343559.000000,0.252512,22.927999
training,21902,21047052.000000,148.000000,85.000000,287226.000000,0.211108,20.905727
training,21903,17223956.000000,165.000000,78.000000,308592.000000,0.226812,22.962528
training,21904,17530656.000000,157.000000,76.000000,294844.000000,0.216707,18.398815
training,21905,19265308.000000,166.000000,80.000000,239580.000000,0.176089,18.225952
training,21906,17297280.000000,173.000000,77.000000,306155.000000,0.225021,26.690687
training,21907,18426750.000000,143.000000,74.000000,270034.000000,0.198472,17.090879
training,21908,17390852.000000,144.000000,79.000000,299251.000000,0.219946,19.980097
training,21909,20871276.000000,146.000000,86.000000,292440.000000,0.214940,20.807009
training,21910,19823524.000000,160.000000,79.000000,308512.000000,0.226753,19.237600
training,21911,20146224.000000,167.000000,80.000000,323372.000000,0.237675,17.698273
training,21912,20255596.000000,212.000000,80.000000,246726.000000,0.181341,23.879007
training,21913,19596776.000000,174.000000,82.000000,229466.000000,0.168655,16.640480
training,21914,20927784.000000,144.000000,83.000000,224298.000000,0.164857,19.001152
training,21915,16840252.000000,167.000000,73.000000,367339.000000,0.269990,23.957664
training,21916,18034660.000000,143.000000,77.000000,279663.000000,0.205549,17.502016
training,21917,17664028.000000,171.000000,78.000000,265371.000000,0.195045,25.189312
training,21918,15954267.000000,167.000000,72.000000,315202.000000,0.231670,19.638304
training,21919,20900340.000000,175.000000,83.000000,245566.000000,0.180489,26.319328
training,21920,18544844.000000,167.000000,79.000000,296977.000000,0.218275,22.074207
training,21921,19664704.000000,184.000000,79.000000,249180.000000,0.183145,22.861568
training,21922,18570858.000000,166.000000,79.000000,331606.000000,0.243727,20.450111
training,21923,19573400.000000,165.000000,83.000000,314288.000000,0.230998,22.534657
training,21924,17567592.000000,141.000000,78.000000,266386.000000,0.195791,18.792959
training,21925,18514244.000000,190.000000,80.000000,330538.000000,0.242942,26.018911
training,21926,16973918.000000,135.000000,77.000000,265733.000000,0.195311,18.915297
training,21927,19059092.000000,152.000000,81.000000,282652.000000,0.207746,21.702335
training,21928,19563390.000000,165.000000,85.000000,302037.000000,0.221994,21.212032
training,21929,22381558.000000,165.000000,88.000000,203207.000000,0.149355,19.541920
training,21930,16780338.000000,147.000000,75.000000,313604.000000,0.230496,19.180992
training,21931,17088684.000000,159.000000,76.000000,334621.000000,0.245943,22.241823
training,21932,19949440.000000,177.000000,85.000000,304575.000000,0.223860,19.292959
training,21933,19491264.000000,174.000000,82.000000,279457.000000,0.205398,25.317024
training,21934,17964568.000000,153.000000,73.000000,272565.000000,0.200333,16.340384
training,21935,18967660.000000,155.000000,80.000000,325919.000000,0.239547,20.082399
training,21936,17098722.000000,146.000000,70.000000,252022.000000,0.185234,23.671072
training,21937,19469056.000000,186.000000,82.000000,288877.000000,0.212322,16.356768
training,21938,19224088.000000,151.000000,80.000000,227752.000000,0.167395,20.248096
training,21939,17538296.000000,209.000000,75.000000,360287.000000,0.264807,31.090624
training,21940,22006888.000000,180.000000,88.000000,263537.000000,0.193697,28.462591
training,21941,18300600.000000,151.000000,76.000000,243329.000000,0.178844,17.503679
training,21942,20884636.000000,165.000000,85.000000,215466.000000,0.158365,17.221825
training,21943,19242510.000000,162.000000,81.000000,259068.000000,0.190412,17.179199
training,21944,19273028.000000,161.000000,78.000000,220512.000000,0.162074,16.142208
training,21945,17328616.000000,154.000000,75.000000,327607.000000,0.240788,18.857920
training,21946,17655748.000000,156.000000,78.000000,337064.000000,0.247739,22.876097
training,21947,18422074.000000,149.000000,79.000000,319095.000000,0.234532,21.983488
training,21948,19257782.000000,159.000000,78.000000,295373.000000,0.217096,18.261345
training,21949,21300614.000000,170.000000,86.000000,285244.000000,0.209651,25.445024
training,21950,18480716.000000,171.000000,76.000000,234680.000000,0.172487,20.871712
training,21951,17651128.000000,140.000000,77.000000,338254.000000,0.248613,20.368769
training,21952,21967084.000000,163.000000,87.000000,244332.000000,0.179582,26.021919
training,21953,17947276.000000,184.000000,78.000000,325475.000000,0.239221,27.885632
training,21954,17041484.000000,146.000000,77.000000,301813.000000,0.221829,19.689407
training,21955,21927168.000000,164.000000,87.000000,231791.000000,0.170364,24.299488
training,21956,20872868.000000,157.000000,84.000000,328532.000000,0.241468,20.142817
training,21957,20627766.000000,158.000000,84.000000,332108.000000,0.244096,21.405760
training,21958,17468862.000000,198.000000,77.000000,341983.000000,0.251354,19.687649
training,21959,17694120.000000,191.000000,76.000000,363895.000000,0.267459,30.332577
training,21960,17571638.000000,142.000000,78.000000,312557.000000,0.229726,21.013439
training,21961,17260136.000000,144.000000,70.000000,253713.000000,0.186476,17.595552
training,21962,19700970.000000,144.000000,79.000000,219903.000000,0.161626,20.029345
training,21963,17936300.000000,188.000000,76.000000,347111.000000,0.255123,27.696705
training,21964,21544116.000000,192.000000,84.000000,231901.000000,0.170445,24.042944
training,21965,19030152.000000,165.000000,79.000000,232944.000000,0.171211,23.216801
training,21966,18765774.000000,156.000000,78.000000,311389.000000,0.228868,19.893663
training,21967,19528744.000000,183.000000,84.000000,308979.000000,0.227096,20.314592
training,21968,20374544.000000,152.000000,82.000000,211964.000000,0.155791,18.639872
training,21969,21763306.000000,146.000000,84.000000,210464.000000,0.154689,19.582848
training,21970,19203800.000000,149.000000,78.000000,334506.000000,0.245859,22.438240
training,21971,18051738.000000,161.000000,76.000000,318716.000000,0.234253,17.574465
training,21972,18899768.000000,170.000000,80.000000,284434.000000,0.209056,25.072800
training,21973,19501908.000000,163.000000,84.000000,307344.000000,0.225895,19.201759
training,21974,16401314.000000,165.000000,74.000000,334692.000000,0.245995,20.250463
training,21975,19933646.000000,158.000000,83.000000,220477.000000,0.162048,23.384640
training,21976,19177592.000000,157.000000,79.000000,339282.000000,0.249369,21.766399
training,21977,19698298.000000,173.000000,84.000000,290617.000000,0.213601,26.265217
training,21978,19371660.000000,149.000000,80.000000,324687.000000,0.238642,21.637823
training,21979,18814948.000000,145.000000,80.000000,299679.000000,0.220261,23.601536
training,21980,17349820.000000,152.000000,75.000000,323971.000000,0.238115,18.090561
training,21981,19172966.000000,165.000000,80.000000,296907.000000,0.218224,21.300608
training,21982,16273642.000000,148.000000,75.000000,331642.000000,0.243754,21.774879
training,21983,20244080.000000,152.000000,81.000000,224543.000000,0.165037,22.903393
training,21984,17403720.000000,155.000000,77.000000,339904.000000,0.249826,24.088257
training,21985,16971276.000000,141.000000,76.000000,339906.000000,0.249827,20.843679
training,21986,15988461.000000,148.000000,74.000000,320511.000000,0.235572,23.148607
training,21987,18058624.000000,156.000000,79.000000,317546.000000,0.233393,18.506880
training,21988,18007640.000000,145.000000,77.000000,337738.000000,0.248234,17.495617
training,21989,20218512.000000,147.000000,81.000000,328834.000000,0.241690,18.780640
training,21990,18411276.000000,187.000000,77.000000,260244.000000,0.191277,29.003008
training,21991,17536132.000000,174.000000,76.000000,346376.000000,0.254583,21.889215
training,21992,19532940.000000,147.000000,81.000000,215127.000000,0.158116,18.600832
training,21993,15950113.000000,137.000000,74.000000,312051.000000,0.229354,20.036863
training,21994,17849724.000000,185.000000,75.000000,358542.000000,0.263525,29.617216
training,21995,18415792.000000,169.000000,76.000000,231567.000000,0.170199,21.703808
training,21996,20414352.000000,142.000000,87.000000,284770.000000,0.209303,20.227327
training,21997,17339382.000000,142.000000,70.000000,257029.000000,0.188914,17.168415
training,21998,17474012.000000,162.000000,76.000000,294911.000000,0.216757,17.626335
training,21999,19834768.000000,152.000000,81.000000,337057.000000,0.247733,20.259424
